Index	Grass	Hares	Foxes
0	326	146	106
1	340	127	108
2	348	123	108
3	351	118	109
4	362	112	108
5	371	113	107
6	381	113	108
7	387	110	105
8	402	112	108
9	409	114	111
10	421	114	113
11	436	118	112
12	442	122	115
13	456	123	119
14	472	124	110
15	481	131	102
16	487	133	103
17	477	130	105
18	470	128	102
19	466	132	99
20	461	130	97
21	458	130	96
22	454	132	90
23	450	134	86
24	448	139	88
25	447	144	90
26	441	146	95
27	439	146	90
28	438	147	87
29	436	150	81
30	432	154	78
31	433	161	74
32	434	168	75
33	432	174	74
34	430	179	69
35	426	183	62
36	425	188	61
37	425	190	59
38	421	192	57
39	416	194	57
40	411	199	57
41	406	200	60
42	406	199	57
43	405	195	54
44	398	211	55
45	391	216	56
46	385	213	58
47	385	215	56
48	381	215	54
49	377	221	52
50	377	220	52
51	375	218	51
52	371	222	53
53	365	214	51
54	365	214	51
55	364	213	49
56	361	218	47
57	360	217	47
58	360	219	47
59	359	222	46
60	358	223	46
61	354	227	45
62	353	228	45
63	354	236	46
64	353	242	47
65	348	254	47
66	339	258	43
67	337	263	45
68	332	265	46
69	333	257	46
70	333	261	47
71	326	261	49
72	326	259	53
73	325	270	49
74	322	275	50
75	319	274	49
76	314	279	50
77	308	278	49
78	306	278	52
79	304	288	51
80	301	289	52
81	296	292	55
82	295	293	52
83	296	293	54
84	293	294	55
85	288	301	51
86	284	299	51
87	279	294	55
88	279	296	55
89	275	300	56
90	276	302	56
91	274	311	58
92	274	309	62
93	272	294	64
94	277	294	66
95	277	294	70
96	278	289	69
97	277	285	69
98	278	288	71
99	276	287	75
100	281	289	76
101	283	290	75
102	290	293	75
103	288	298	75
104	285	296	77
105	281	301	73
106	285	303	75
107	278	309	73
108	282	309	70
109	279	311	69
110	282	309	69
111	280	306	68
112	279	311	73
113	279	306	75
114	280	310	74
115	283	311	74
116	285	318	70
117	280	317	70
118	279	309	72
119	281	319	72
120	284	311	73
121	286	315	73
122	286	322	76
123	282	324	75
124	282	321	74
125	279	316	73
126	279	322	72
127	280	320	74
128	279	314	77
129	276	312	79
130	276	301	75
131	275	303	78
132	273	313	80
133	273	308	81
134	275	311	81
135	276	310	85
136	271	314	80
137	270	308	83
138	272	302	84
139	272	301	87
140	272	300	87
141	274	301	84
142	272	299	86
143	271	301	86
144	270	304	87
145	272	303	89
146	273	299	92
147	270	296	90
148	270	298	91
149	272	299	92
150	272	294	95
151	271	284	101
152	270	276	104
153	274	272	109
154	274	273	114
155	278	264	115
156	285	268	120
157	291	272	122
158	292	271	127
159	298	267	128
160	299	260	130
161	304	255	132
162	306	248	135
163	310	254	134
164	315	246	137
165	317	240	142
166	316	229	143
167	318	223	144
168	322	214	146
169	326	208	148
170	330	198	147
171	335	203	149
172	337	212	142
173	339	210	141
174	341	208	144
175	346	210	143
176	348	208	144
177	353	199	149
178	352	189	152
179	358	183	151
180	362	175	152
181	364	178	155
182	368	178	152
183	373	178	155
184	380	173	151
185	381	171	154
186	383	176	154
187	383	180	154
188	382	173	160
189	380	167	160
190	379	166	164
191	381	171	166
192	383	173	166
193	385	173	167
194	387	172	169
195	388	162	174
196	387	162	172
197	388	163	169
198	390	162	170
199	390	156	162
200	393	155	160
201	392	155	161
202	395	155	158
203	397	145	164
204	401	142	158
205	408	139	154
206	412	137	154
207	415	137	155
208	415	136	152
209	417	131	153
210	417	126	157
211	423	123	151
212	427	126	149
213	427	127	141
214	430	126	147
215	433	128	136
216	437	131	132
217	438	135	134
218	440	140	138
219	442	142	137
220	442	140	137
221	441	136	132
222	440	135	133
223	443	133	131
224	443	136	134
225	445	133	127
226	443	134	123
227	446	137	130
228	439	137	129
229	438	137	128
230	439	139	129
231	438	137	122
232	440	140	120
233	436	146	115
234	433	146	110
235	429	151	111
236	426	149	112
237	425	149	115
238	423	154	107
239	418	161	103
240	412	157	103
241	407	162	104
242	406	160	103
243	407	164	97
244	405	167	99
245	405	172	100
246	402	177	99
247	398	178	97
248	394	180	97
249	390	177	97
250	391	178	92
251	392	169	91
252	392	177	88
253	393	176	85
254	392	180	88
255	390	186	85
256	392	189	86
257	390	194	85
258	390	197	87
259	390	196	85
260	388	194	87
261	382	196	84
262	384	198	85
263	386	195	88
264	387	199	88
265	385	195	85
266	384	189	84
267	383	183	82
268	383	190	81
269	381	192	79
270	379	188	76
271	379	192	79
272	379	193	79
273	378	194	80
274	380	190	81
275	380	198	83
276	378	200	83
277	379	201	86
278	382	198	88
279	381	191	90
280	379	184	89
281	377	184	90
282	376	183	92
283	377	183	92
284	376	185	93
285	375	178	93
286	376	170	95
287	375	166	98
288	377	171	101
289	378	170	102
290	380	170	107
291	381	172	107
292	381	173	110
293	380	164	104
294	380	162	107
295	381	165	106
296	381	168	111
297	381	172	115
298	385	172	108
299	388	172	110
300	389	172	112
301	388	172	115
302	389	171	114
303	390	174	117
304	392	175	116
305	393	177	111
306	393	180	109
307	391	182	111
308	391	182	112
309	393	180	107
310	394	187	103
311	395	187	102
312	392	183	100
313	393	179	94
314	388	184	94
315	385	185	92
316	385	187	91
317	378	190	89
318	376	191	92
319	374	198	93
320	372	195	91
321	369	195	91
322	362	195	96
323	360	198	96
324	359	202	96
325	359	204	97
326	358	200	97
327	359	201	98
328	357	205	98
329	356	208	98
330	356	208	98
331	357	215	97
332	353	220	100
333	348	220	104
334	349	220	98
335	349	213	102
336	349	215	102
337	347	212	104
338	349	205	103
339	352	206	102
340	352	199	105
341	354	198	112
342	353	199	113
343	354	199	111
344	354	206	113
345	350	205	113
346	352	205	115
347	351	207	113
348	355	205	113
349	357	203	113
350	359	205	119
351	361	207	120
352	362	199	121
353	363	198	120
354	364	194	124
355	365	191	116
356	361	189	116
357	363	186	112
358	362	186	114
359	360	184	111
360	359	181	110
361	363	181	110
362	368	177	111
363	370	175	110
364	374	175	113
365	372	172	116
366	374	177	120
367	378	177	119
368	383	170	118
369	383	172	112
370	381	176	113
371	381	179	114
372	378	178	115
373	384	172	117
374	382	172	119
375	382	179	122
376	384	180	116
377	380	182	116
378	378	183	119
379	373	183	119
380	367	187	121
381	366	192	123
382	366	187	125
383	365	189	124
384	364	179	126
385	364	179	127
386	366	174	122
387	367	169	125
388	370	165	129
389	375	168	133
390	373	170	134
391	377	175	138
392	377	170	138
393	380	161	142
394	387	158	141
395	388	153	137
396	392	154	136
397	394	160	138
398	393	164	140
399	395	166	135
400	395	169	135
401	393	166	136
402	391	167	135
403	389	164	139
404	389	165	141
405	390	163	137
406	390	166	140
407	393	170	139
408	392	171	137
409	392	166	138
410	387	169	136
411	385	172	140
412	385	168	141
413	386	169	141
414	386	171	143
415	382	172	139
416	385	170	129
417	388	167	131
418	390	164	127
419	389	168	127
420	387	171	125
421	389	176	128
422	389	174	131
423	387	180	135
424	384	183	133
425	382	184	133
426	383	188	133
427	388	186	130
428	387	187	131
429	385	183	134
430	386	185	130
431	389	184	131
432	395	185	130
433	395	183	131
434	395	188	129
435	395	180	124
436	399	181	120
437	402	182	119
438	403	183	123
439	405	180	122
440	407	176	116
441	406	174	111
442	410	171	110
443	410	175	110
444	409	172	108
445	410	168	106
446	410	166	107
447	406	169	106
448	403	174	105
449	400	171	100
450	396	173	100
451	395	178	94
452	392	184	95
453	387	180	97
454	384	178	98
455	385	177	99
456	378	185	105
457	373	183	105
458	376	184	109
459	371	184	105
460	373	183	107
461	371	179	108
462	371	179	107
463	375	171	106
464	376	172	101
465	378	182	99
466	379	177	102
467	380	182	101
468	378	185	101
469	381	187	99
470	382	188	95
471	382	193	98
472	376	194	98
473	377	192	100
474	375	195	101
475	372	200	103
476	372	199	98
477	365	200	98
478	362	203	100
479	357	204	101
480	353	198	97
481	355	193	97
482	353	201	96
483	351	206	94
484	351	205	97
485	352	203	96
486	350	201	94
487	352	201	92
488	353	202	94
489	353	196	98
490	353	194	102
491	357	198	102
492	358	200	103
493	359	198	103
494	359	192	104
495	359	193	108
496	360	188	106
497	361	183	105
498	364	186	108
499	368	189	107
500	369	190	104
501	367	193	106
502	368	196	104
503	368	194	106
504	367	196	108
505	366	197	102
506	372	190	102
507	376	191	105
508	372	195	99
509	372	195	100
510	372	196	102
511	375	203	107
512	377	203	109
513	377	207	112
514	373	208	112
515	363	211	118
516	359	220	119
517	356	221	121
518	355	218	121
519	350	216	120
520	348	215	113
521	348	210	114
522	350	210	118
523	348	210	115
524	346	210	116
525	348	213	119
526	344	211	116
527	346	215	113
528	344	217	113
529	344	224	114
530	345	216	112
531	347	209	107
532	350	215	108
533	352	216	116
534	350	220	111
535	351	220	104
536	354	219	114
537	353	228	111
538	350	230	107
539	346	232	106
540	344	237	102
541	339	232	98
542	337	237	97
543	340	237	96
544	339	232	93
545	343	230	93
546	344	233	96
547	344	221	96
548	345	218	99
549	344	222	104
550	346	215	101
551	348	206	96
552	348	201	93
553	351	198	95
554	354	198	99
555	355	195	99
556	357	200	103
557	357	198	101
558	360	196	102
559	361	198	103
560	361	204	105
561	361	203	107
562	359	202	109
563	358	200	111
564	359	205	111
565	363	207	104
566	364	209	96
567	359	213	95
568	357	217	93
569	354	214	98
570	353	213	102
571	351	217	102
572	349	222	105
573	348	226	101
574	347	228	100
575	348	236	104
576	346	239	102
577	348	240	104
578	349	237	100
579	350	235	101
580	351	242	101
581	347	241	105
582	343	240	101
583	342	246	103
584	344	246	104
585	347	244	103
586	348	241	107
587	344	227	105
588	344	223	102
589	347	225	100
590	345	219	101
591	347	219	101
592	346	221	98
593	345	227	100
594	339	225	99
595	336	222	102
596	332	224	103
597	332	226	109
598	333	223	111
599	334	219	116
600	331	220	115
601	332	224	114
602	335	218	116
603	337	224	115
604	340	223	120
605	339	213	121
606	338	210	123
607	342	213	124
608	341	207	124
609	344	203	131
610	350	204	125
611	353	207	120
612	353	198	119
613	357	197	120
614	355	186	120
615	359	184	123
616	361	182	126
617	365	185	127
618	365	184	128
619	364	185	133
620	363	179	137
621	364	175	139
622	369	174	147
623	371	178	145
624	373	180	149
625	379	169	143
626	383	167	148
627	382	163	146
628	390	160	141
629	393	157	134
630	394	158	133
631	398	152	136
632	399	156	142
633	398	156	137
634	400	159	138
635	401	157	140
636	402	155	143
637	403	157	142
638	404	150	144
639	401	143	142
640	401	139	143
641	404	139	142
642	402	144	143
643	398	146	144
644	399	147	144
645	398	147	148
646	399	140	148
647	399	137	148
648	402	135	150
649	402	135	148
650	404	138	143
651	404	133	138
652	404	132	137
653	406	134	133
654	408	136	133
655	411	131	136
656	417	130	136
657	420	131	137
658	420	130	138
659	421	128	144
660	422	131	145
661	424	131	143
662	423	131	139
663	422	132	134
664	423	129	132
665	421	125	133
666	420	123	140
667	422	127	146
668	422	131	147
669	424	133	145
670	427	130	150
671	426	125	151
672	424	128	152
673	423	128	152
674	422	130	147
675	421	130	150
676	425	127	146
677	428	125	148
678	428	122	148
679	430	120	150
680	431	117	144
681	431	117	142
682	433	111	137
683	435	113	134
684	436	112	135
685	438	110	136
686	439	112	135
687	441	109	136
688	443	114	140
689	448	116	136
690	449	116	135
691	450	109	138
692	452	105	136
693	450	110	131
694	448	117	125
695	448	117	125
696	447	115	116
697	450	118	111
698	451	123	107
699	450	120	102
700	451	127	93
701	449	127	90
702	447	129	90
703	445	130	91
704	441	132	91
705	442	135	92
706	440	134	91
707	440	139	88
708	436	146	88
709	430	148	88
710	428	148	86
711	429	153	81
712	427	157	80
713	424	158	79
714	423	155	82
715	422	159	81
716	419	161	80
717	417	161	82
718	416	161	79
719	420	166	81
720	420	171	77
721	416	170	75
722	416	162	72
723	418	168	73
724	413	173	72
725	412	176	71
726	412	179	74
727	411	180	76
728	406	182	79
729	404	189	73
730	403	188	74
731	401	196	74
732	400	203	73
733	402	199	71
734	398	199	69
735	394	203	68
736	385	209	70
737	381	206	68
738	379	205	69
739	372	206	66
740	363	205	67
741	362	210	66
742	363	208	67
743	358	208	65
744	355	205	70
745	357	205	72
746	357	209	71
747	352	211	69
748	348	211	71
749	345	208	73
750	342	208	70
751	340	208	74
752	341	209	74
753	343	207	68
754	345	206	65
755	344	207	68
756	347	203	70
757	347	200	72
758	345	200	75
759	344	199	75
760	341	199	80
761	340	208	79
762	340	206	79
763	339	195	77
764	342	201	75
765	342	210	77
766	343	216	81
767	343	218	81
768	344	215	83
769	345	212	81
770	343	220	79
771	341	225	83
772	342	222	80
773	343	224	77
774	346	225	80
775	350	225	82
776	351	227	83
777	351	231	83
778	350	239	82
779	346	240	85
780	347	247	85
781	341	252	90
782	336	248	90
783	330	251	85
784	325	248	81
785	325	257	82
786	320	266	81
787	320	263	79
788	315	263	82
789	314	265	83
790	311	271	83
791	306	270	83
792	304	271	84
793	302	270	82
794	307	275	84
795	304	280	81
796	304	281	82
797	304	278	83
798	308	287	88
799	312	274	88
800	317	267	84
801	315	266	85
802	315	262	79
803	319	255	80
804	323	260	83
805	327	257	78
806	327	262	84
807	327	264	83
808	329	261	85
809	328	260	85
810	328	252	84
811	327	247	85
812	328	247	85
813	328	251	87
814	325	252	86
815	322	256	87
816	320	261	85
817	322	260	87
818	319	265	90
819	319	264	92
820	316	269	92
821	316	263	94
822	313	261	94
823	313	266	89
824	309	266	91
825	305	268	92
826	306	270	93
827	308	266	93
828	306	267	94
829	307	261	92
830	310	265	89
831	309	264	88
832	311	272	90
833	313	258	87
834	314	252	88
835	318	251	89
836	317	249	91
837	316	241	95
838	315	235	97
839	316	231	98
840	316	228	98
841	320	220	101
842	323	217	100
843	325	211	97
844	323	217	93
845	325	220	95
846	330	217	97
847	327	224	95
848	327	223	93
849	333	224	95
850	333	226	100
851	332	221	102
852	330	216	104
853	333	211	103
854	336	209	108
855	341	203	103
856	345	205	103
857	347	201	105
858	344	207	105
859	347	204	105
860	347	208	107
861	347	209	104
862	346	208	106
863	348	202	106
864	353	198	108
865	356	200	110
866	352	203	115
867	355	196	116
868	357	196	118
869	359	188	118
870	357	193	116
871	361	201	119
872	356	204	114
873	351	198	118
874	352	201	119
875	354	195	119
876	353	188	120
877	355	191	120
878	357	192	121
879	358	192	123
880	355	187	120
881	354	182	120
882	353	183	124
883	351	186	122
884	354	180	126
885	357	177	129
886	359	176	130
887	361	176	130
888	362	168	130
889	365	167	127
890	370	164	128
891	372	162	128
892	372	160	128
893	377	160	126
894	378	157	131
895	378	160	135
896	385	154	135
897	387	155	138
898	390	158	144
899	394	157	143
900	399	149	145
901	397	154	147
902	399	152	142
903	400	152	144
904	405	149	140
905	406	153	138
906	407	150	131
907	408	151	133
908	409	150	135
909	413	152	133
910	410	155	133
911	409	155	138
912	410	160	140
913	405	164	140
914	404	159	145
915	402	163	141
916	403	161	138
917	405	151	142
918	405	151	140
919	407	148	138
920	409	141	137
921	410	138	138
922	409	137	138
923	410	137	140
924	410	140	141
925	413	146	135
926	415	146	129
927	416	147	131
928	420	141	130
929	423	143	131
930	424	142	131
931	428	137	129
932	431	132	126
933	430	132	128
934	431	127	130
935	430	129	136
936	428	129	141
937	426	127	137
938	427	128	133
939	428	132	135
940	430	133	138
941	433	134	140
942	433	134	138
943	435	135	139
944	437	131	142
945	436	133	140
946	435	138	140
947	435	138	137
948	435	134	141
949	432	141	144
950	433	130	146
951	433	126	146
952	436	127	146
953	436	125	147
954	435	122	146
955	436	121	143
956	436	123	145
957	437	116	145
958	437	115	151
959	438	110	149
960	438	107	145
961	441	105	143
962	443	105	145
963	447	105	146
964	453	106	145
965	453	106	146
966	459	108	133
967	463	108	131
968	462	108	125
969	462	114	118
970	464	105	120
971	468	103	119
972	467	109	117
973	465	106	124
974	467	108	127
975	465	106	126
976	466	108	126
977	467	108	128
978	468	105	123
979	468	102	122
980	464	105	122
981	461	107	126
982	461	108	123
983	457	113	118
984	457	113	115
985	461	113	115
986	464	113	110
987	461	111	112
988	462	115	108
989	464	116	104
990	465	115	95
991	462	121	98
992	464	121	95
993	463	118	93
994	461	117	90
995	458	113	93
996	456	117	93
997	456	121	90
998	455	122	89
999	452	121	89
1000	453	122	84
1001	448	129	81
1002	444	125	79
1003	441	129	77
1004	439	133	78
1005	437	135	76
1006	435	135	73
1007	434	138	74
1008	433	143	77
1009	433	147	78
1010	432	150	79
1011	430	148	82
1012	432	147	83
1013	434	146	85
1014	434	148	79
1015	438	154	78
1016	443	155	75
1017	444	161	75
1018	445	159	74
1019	445	168	72
1020	448	174	70
1021	450	180	70
1022	448	186	66
1023	444	186	64
1024	443	186	65
1025	444	194	69
1026	441	197	65
1027	441	203	66
1028	445	204	68
1029	446	206	68
1030	445	209	69
1031	447	209	70
1032	446	213	68
1033	443	218	66
1034	442	222	61
1035	443	223	61
1036	444	227	60
1037	439	228	61
1038	435	230	62
1039	438	231	63
1040	436	237	65
1041	437	241	64
1042	435	244	65
1043	432	248	66
1044	427	254	67
1045	428	257	66
1046	424	262	64
1047	427	268	67
1048	428	275	63
1049	429	281	66
1050	426	289	68
1051	425	293	69
1052	423	297	71
1053	422	299	72
1054	420	298	71
1055	419	308	76
1056	417	313	79
1057	413	321	79
1058	413	318	82
1059	409	308	81
1060	410	311	81
1061	410	313	80
1062	413	325	83
1063	414	335	87
1064	411	336	86
1065	406	341	89
1066	408	343	89
1067	398	341	93
1068	397	346	96
1069	402	350	96
1070	404	357	97
1071	400	357	94
1072	407	361	98
1073	404	362	97
1074	399	360	95
1075	402	361	96
1076	403	371	97
1077	408	376	101
1078	408	387	103
1079	412	385	106
1080	410	383	106
1081	412	393	107
1082	407	399	110
1083	400	401	108
1084	403	403	107
1085	402	398	112
1086	397	403	111
1087	399	410	111
1088	400	413	112
1089	394	410	115
1090	393	413	116
1091	391	414	120
1092	387	411	123
1093	389	412	124
1094	387	413	121
1095	388	424	123
1096	386	436	121
1097	382	431	125
1098	382	438	127
1099	380	437	128
1100	379	437	133
1101	384	442	137
1102	385	444	141
1103	382	444	143
1104	383	448	148
1105	379	437	152
1106	376	434	158
1107	376	438	164
1108	384	437	166
1109	387	438	167
1110	394	443	171
1111	393	442	169
1112	393	453	168
1113	390	450	169
1114	386	462	168
1115	389	469	169
1116	391	460	177
1117	391	444	181
1118	386	444	180
1119	390	449	185
1120	386	458	186
1121	385	456	190
1122	387	454	191
1123	388	460	196
1124	388	464	203
1125	384	455	206
1126	390	439	209
1127	392	432	208
1128	392	426	214
1129	397	422	213
1130	402	418	217
1131	407	412	223
1132	410	402	229
1133	414	403	240
1134	417	395	240
1135	422	380	243
1136	420	383	247
1137	423	371	239
1138	428	365	241
1139	430	354	243
1140	433	350	250
1141	437	347	258
1142	439	343	266
1143	438	338	275
1144	441	333	273
1145	447	317	274
1146	451	312	279
1147	455	302	286
1148	461	293	292
1149	463	291	294
1150	465	290	291
1151	469	286	293
1152	469	285	293
1153	468	281	296
1154	469	267	304
1155	467	257	303
1156	470	255	301
1157	477	255	299
1158	482	252	299
1159	485	259	299
1160	485	252	303
1161	481	247	299
1162	483	240	295
1163	482	231	305
1164	484	233	307
1165	488	234	315
1166	493	230	323
1167	491	218	327
1168	496	211	328
1169	498	218	327
1170	500	215	334
1171	505	210	336
1172	507	202	329
1173	509	190	329
1174	513	187	328
1175	516	187	325
1176	519	183	314
1177	520	189	307
1178	521	188	299
1179	518	190	299
1180	518	185	300
1181	515	187	290
1182	516	186	294
1183	515	188	293
1184	520	188	284
1185	521	193	285
1186	521	192	287
1187	523	189	283
1188	521	184	282
1189	522	185	283
1190	523	190	278
1191	524	177	285
1192	527	167	285
1193	529	163	285
1194	529	160	281
1195	530	163	283
1196	534	165	279
1197	533	166	266
1198	535	166	261
1199	534	162	270
1200	535	163	271
1201	535	165	271
1202	534	163	270
1203	534	160	267
1204	535	151	261
1205	536	144	261
1206	541	146	261
1207	542	144	250
1208	546	146	244
1209	549	143	244
1210	550	140	244
1211	547	142	240
1212	549	139	238
1213	549	135	237
1214	551	128	232
1215	554	123	233
1216	555	121	229
1217	555	119	232
1218	556	117	235
1219	554	116	234
1220	553	112	235
1221	556	108	230
1222	559	111	224
1223	562	110	218
1224	564	106	220
1225	565	105	216
1226	565	107	208
1227	566	105	215
1228	566	109	212
1229	567	109	208
1230	565	113	208
1231	567	113	210
1232	567	113	210
1233	564	116	206
1234	564	119	205
1235	566	117	203
1236	564	121	199
1237	563	115	197
1238	561	112	195
1239	561	113	199
1240	560	112	199
1241	560	112	196
1242	561	113	195
1243	563	111	190
1244	562	108	183
1245	560	112	178
1246	558	111	174
1247	557	109	167
1248	559	108	163
1249	559	108	160
1250	562	108	154
1251	563	109	145
1252	565	108	140
1253	564	103	137
1254	565	98	135
1255	566	99	136
1256	568	100	133
1257	567	103	136
1258	570	105	138
1259	571	104	139
1260	571	109	136
1261	569	110	131
1262	568	108	130
1263	565	110	121
1264	564	113	120
1265	563	114	122
1266	561	122	121
1267	562	122	126
1268	562	124	121
1269	558	123	118
1270	559	128	119
1271	562	127	119
1272	562	126	117
1273	559	129	119
1274	560	128	115
1275	557	124	114
1276	555	127	116
1277	552	126	114
1278	553	125	114
1279	553	127	105
1280	552	125	106
1281	549	125	103
1282	548	120	101
1283	548	124	103
1284	546	129	107
1285	543	135	108
1286	542	134	106
1287	544	138	102
1288	546	138	102
1289	545	136	104
1290	548	134	106
1291	550	136	108
1292	549	143	107
1293	546	143	104
1294	547	145	103
1295	544	150	99
1296	540	152	98
1297	539	159	97
1298	538	160	97
1299	531	167	96
1300	530	170	100
1301	530	168	100
1302	529	172	99
1303	528	179	99
1304	530	178	100
1305	527	186	102
1306	520	190	104
1307	516	187	106
1308	511	196	108
1309	508	200	108
1310	507	199	113
1311	512	203	117
1312	510	208	121
1313	511	217	125
1314	508	217	123
1315	505	218	125
1316	502	221	129
1317	502	223	128
1318	503	224	126
1319	503	226	125
1320	507	224	127
1321	509	225	125
1322	509	224	125
1323	508	227	127
1324	508	230	119
1325	506	236	115
1326	504	238	115
1327	505	240	117
1328	500	246	116
1329	498	254	120
1330	493	259	124
1331	490	261	125
1332	486	266	124
1333	486	266	129
1334	483	263	129
1335	483	271	134
1336	482	271	137
1337	481	270	140
1338	480	271	142
1339	479	267	139
1340	480	269	137
1341	478	271	134
1342	474	279	132
1343	476	287	136
1344	474	292	138
1345	471	292	139
1346	467	293	137
1347	468	296	141
1348	465	301	144
1349	462	304	146
1350	462	302	153
1351	461	307	152
1352	457	314	151
1353	453	315	158
1354	454	311	156
1355	452	315	163
1356	454	313	162
1357	455	312	168
1358	452	320	172
1359	454	320	172
1360	455	314	176
1361	454	327	181
1362	451	328	184
1363	452	329	184
1364	450	326	186
1365	449	331	185
1366	451	325	178
1367	447	332	177
1368	453	327	179
1369	454	329	175
1370	458	332	178
1371	457	332	180
1372	463	326	180
1373	461	327	186
1374	459	334	191
1375	456	330	195
1376	451	333	200
1377	452	333	206
1378	452	332	206
1379	447	332	208
1380	443	342	211
1381	442	350	213
1382	441	342	218
1383	437	348	220
1384	440	341	225
1385	442	344	229
1386	447	341	239
1387	450	332	250
1388	449	328	253
1389	450	329	252
1390	452	331	248
1391	451	329	250
1392	451	321	251
1393	449	321	254
1394	452	320	251
1395	451	318	255
1396	448	324	256
1397	448	320	251
1398	450	318	248
1399	450	315	242
1400	454	317	240
1401	457	321	242
1402	462	319	245
1403	465	318	250
1404	463	319	253
1405	459	318	249
1406	460	317	250
1407	455	320	248
1408	459	306	248
1409	458	303	257
1410	457	300	256
1411	456	297	258
1412	460	287	258
1413	465	276	267
1414	474	265	268
1415	478	264	266
1416	482	261	263
1417	484	260	256
1418	484	256	255
1419	486	257	254
1420	490	252	255
1421	493	252	252
1422	495	248	251
1423	491	240	248
1424	492	237	247
1425	494	231	254
1426	498	236	249
1427	496	241	251
1428	499	245	254
1429	494	247	252
1430	491	251	250
1431	487	247	246
1432	488	245	246
1433	488	238	246
1434	490	229	238
1435	491	231	232
1436	494	232	233
1437	492	237	239
1438	492	241	242
1439	495	238	240
1440	495	234	239
1441	492	233	242
1442	498	232	237
1443	501	236	235
1444	498	235	235
1445	501	231	231
1446	501	221	227
1447	500	221	222
1448	501	222	224
1449	506	222	227
1450	504	225	225
1451	506	220	228
1452	503	218	227
1453	502	223	230
1454	500	216	218
1455	505	213	215
1456	504	215	215
1457	505	216	211
1458	507	214	210
1459	505	210	205
1460	502	208	207
1461	505	204	204
1462	510	202	204
1463	510	201	201
1464	512	198	201
1465	515	199	197
1466	513	200	195
1467	514	201	191
1468	515	197	199
1469	518	188	197
1470	516	189	195
1471	521	183	202
1472	520	184	203
1473	522	187	204
1474	520	185	204
1475	520	193	203
1476	514	194	201
1477	511	192	195
1478	508	194	201
1479	509	202	202
1480	508	200	201
1481	511	198	201
1482	514	198	198
1483	514	192	204
1484	511	192	203
1485	512	198	197
1486	513	193	194
1487	510	190	193
1488	508	190	192
1489	507	197	189
1490	503	196	191
1491	503	192	195
1492	503	183	192
1493	508	184	196
1494	513	178	197
1495	518	183	199
1496	516	189	200
1497	518	188	200
1498	516	187	196
1499	518	189	189
1500	513	195	191
1501	509	197	191
1502	510	198	186
1503	508	199	184
1504	507	200	188
1505	509	200	192
1506	511	199	188
1507	509	197	189
1508	510	200	192
1509	509	196	199
1510	511	200	198
1511	510	204	202
1512	508	200	200
1513	508	202	202
1514	508	205	195
1515	505	206	199
1516	506	206	193
1517	506	201	195
1518	508	204	197
1519	508	205	199
1520	508	202	200
1521	508	205	203
1522	511	200	202
1523	509	207	202
1524	507	207	206
1525	506	211	210
1526	504	218	211
1527	506	216	216
1528	506	216	215
1529	508	218	218
1530	506	217	217
1531	507	218	214
1532	504	216	210
1533	505	213	207
1534	505	217	204
1535	507	223	209
1536	507	229	210
1537	510	233	212
1538	507	231	214
1539	509	242	211
1540	510	240	204
1541	506	244	207
1542	502	246	201
1543	499	244	206
1544	493	242	203
1545	492	245	207
1546	498	245	210
1547	498	242	205
1548	502	244	213
1549	504	242	208
1550	504	248	212
1551	502	254	213
1552	504	259	215
1553	500	257	210
1554	500	254	212
1555	498	253	216
1556	504	246	211
1557	504	241	214
1558	506	237	201
1559	507	236	202
1560	507	238	204
1561	501	236	208
1562	502	241	202
1563	501	236	201
1564	502	242	201
1565	505	248	192
1566	502	240	194
1567	497	240	197
1568	501	241	196
1569	500	242	195
1570	500	239	193
1571	500	238	195
1572	503	236	193
1573	500	233	191
1574	496	233	195
1575	499	243	190
1576	501	245	194
1577	498	248	199
1578	497	245	196
1579	498	252	199
1580	492	252	196
1581	492	248	196
1582	490	249	195
1583	487	249	198
1584	491	243	200
1585	491	245	199
1586	493	244	198
1587	495	242	198
1588	499	238	197
1589	495	235	197
1590	498	227	199
1591	499	227	199
1592	504	223	203
1593	503	223	202
1594	502	223	202
1595	498	221	201
1596	496	218	201
1597	494	214	202
1598	498	206	205
1599	503	207	209
1600	506	205	211
1601	510	199	212
1602	511	201	215
1603	511	207	216
1604	514	202	213
1605	516	195	221
1606	516	194	218
1607	513	197	220
1608	510	200	219
1609	505	207	210
1610	505	209	211
1611	504	207	206
1612	511	204	208
1613	514	202	205
1614	517	203	203
1615	513	207	203
1616	513	203	202
1617	511	202	195
1618	512	205	197
1619	510	204	196
1620	510	202	197
1621	512	202	197
1622	508	203	193
1623	506	200	189
1624	505	202	184
1625	509	200	180
1626	508	199	178
1627	507	190	181
1628	508	185	186
1629	513	188	179
1630	517	180	186
1631	516	179	185
1632	517	186	190
1633	519	192	184
1634	520	196	189
1635	517	198	188
1636	515	197	193
1637	515	198	197
1638	513	195	199
1639	511	192	201
1640	515	193	199
1641	515	193	193
1642	516	195	200
1643	517	197	196
1644	517	199	200
1645	514	197	199
1646	515	208	202
1647	515	204	198
1648	515	202	196
1649	514	200	198
1650	514	201	200
1651	515	207	207
1652	516	207	207
1653	513	207	208
1654	508	208	210
1655	508	206	206
1656	507	208	206
1657	507	210	207
1658	511	206	202
1659	513	208	209
1660	512	211	199
1661	508	213	198
1662	505	214	196
1663	502	219	191
1664	504	221	190
1665	502	220	191
1666	507	219	184
1667	505	223	185
1668	504	227	182
1669	503	227	184
1670	506	226	188
1671	505	222	188
1672	504	221	186
1673	504	222	187
1674	505	221	186
1675	506	219	179
1676	507	215	173
1677	510	217	169
1678	512	216	175
1679	511	216	171
1680	510	222	171
1681	514	223	170
1682	513	221	171
1683	516	217	174
1684	514	220	174
1685	511	220	164
1686	509	214	162
1687	510	211	160
1688	507	210	154
1689	507	204	156
1690	509	203	158
1691	511	209	160
1692	512	211	163
1693	516	213	166
1694	513	212	165
1695	509	217	162
1696	508	216	161
1697	507	211	162
1698	505	210	161
1699	509	213	160
1700	509	210	160
1701	502	205	162
1702	504	201	160
1703	503	200	161
1704	504	201	159
1705	512	200	159
1706	517	199	158
1707	513	197	160
1708	510	197	165
1709	506	197	167
1710	504	195	168
1711	503	197	169
1712	506	196	180
1713	507	190	181
1714	510	190	177
1715	510	191	178
1716	514	196	178
1717	514	190	176
1718	516	190	179
1719	519	191	178
1720	518	192	179
1721	517	190	180
1722	517	190	185
1723	519	191	184
1724	519	199	183
1725	521	191	184
1726	520	199	182
1727	520	200	179
1728	516	199	179
1729	517	199	181
1730	518	194	185
1731	516	199	182
1732	516	201	179
1733	519	200	173
1734	518	199	177
1735	519	198	178
1736	522	195	179
1737	521	192	184
1738	520	190	187
1739	526	185	187
1740	528	179	188
1741	530	178	192
1742	533	174	199
1743	536	174	202
1744	533	178	199
1745	528	177	196
1746	528	173	196
1747	531	167	199
1748	531	164	199
1749	532	164	197
1750	534	166	198
1751	532	166	201
1752	529	170	200
1753	530	167	200
1754	530	167	200
1755	529	174	197
1756	530	178	199
1757	531	178	194
1758	530	183	199
1759	527	186	196
1760	526	186	188
1761	523	187	190
1762	520	190	190
1763	518	196	191
1764	518	192	188
1765	518	195	189
1766	517	199	191
1767	517	200	191
1768	515	200	182
1769	513	203	179
1770	510	200	178
1771	511	200	173
1772	512	206	174
1773	514	206	177
1774	516	207	176
1775	516	209	185
1776	515	213	182
1777	510	215	182
1778	509	206	180
1779	506	207	182
1780	504	209	181
1781	507	206	181
1782	512	207	180
1783	514	204	186
1784	515	200	181
1785	518	206	183
1786	514	207	187
1787	511	205	189
1788	509	201	183
1789	512	200	187
1790	511	198	181
1791	508	200	182
1792	509	199	191
1793	511	197	188
1794	511	201	193
1795	509	201	192
1796	509	202	194
1797	509	205	193
1798	506	203	193
1799	507	198	194
1800	511	202	198
1801	513	212	202
1802	513	213	204
1803	512	211	204
1804	512	210	202
1805	511	206	205
1806	512	209	212
1807	512	208	211
1808	511	208	207
1809	512	211	213
1810	511	209	209
1811	509	209	209
1812	510	210	207
1813	512	217	204
1814	509	216	205
1815	507	214	209
1816	509	210	210
1817	507	205	206
1818	506	209	203
1819	508	207	199
1820	511	205	199
1821	509	206	207
1822	513	204	205
1823	513	206	206
1824	512	204	202
1825	511	207	201
1826	513	202	203
1827	513	205	204
1828	515	207	206
1829	517	212	206
1830	513	219	203
1831	513	219	200
1832	511	225	200
1833	508	220	204
1834	505	213	194
1835	508	212	193
1836	507	208	185
1837	509	206	189
1838	512	206	188
1839	515	199	191
1840	516	197	194
1841	515	195	195
1842	515	197	199
1843	515	198	198
1844	515	201	201
1845	517	201	203
1846	521	205	205
1847	521	206	207
1848	520	212	212
1849	519	211	210
1850	520	209	209
1851	520	213	214
1852	517	227	217
1853	514	226	217
1854	511	227	206
1855	507	221	204
1856	507	220	199
1857	509	218	198
1858	513	217	198
1859	517	215	198
1860	522	216	201
1861	520	212	199
1862	521	211	200
1863	519	211	197
1864	516	207	202
1865	513	201	202
1866	520	201	202
1867	521	200	197
1868	522	200	200
1869	524	202	203
1870	525	195	206
1871	518	196	205
1872	520	187	201
1873	522	188	199
1874	521	187	202
1875	520	189	199
1876	523	189	192
1877	522	188	191
1878	520	192	192
1879	519	191	192
1880	516	197	182
1881	512	197	180
1882	510	201	180
1883	509	203	182
1884	508	199	179
1885	509	190	186
1886	509	185	184
1887	508	187	187
1888	508	191	185
1889	514	185	186
1890	516	186	188
1891	520	183	189
1892	524	184	188
1893	526	176	192
1894	525	172	192
1895	526	178	191
1896	521	186	195
1897	523	184	192
1898	521	185	191
1899	519	190	189
1900	520	187	186
1901	519	192	189
1902	517	199	193
1903	514	198	193
1904	512	198	194
1905	510	199	196
1906	507	207	200
1907	505	206	207
1908	506	200	203
1909	504	203	201
1910	503	207	199
1911	506	201	202
1912	507	205	205
1913	507	203	202
1914	508	201	203
1915	509	206	203
1916	510	209	208
1917	510	211	203
1918	510	209	205
1919	513	208	207
1920	510	206	209
1921	509	210	207
1922	507	205	204
1923	509	200	203
1924	508	198	200
1925	509	197	197
1926	510	199	195
1927	513	200	194
1928	514	199	196
1929	512	207	193
1930	511	211	197
1931	512	215	199
1932	509	218	192
1933	508	220	197
1934	511	219	197
1935	511	223	197
1936	504	227	199
1937	505	222	196
1938	500	217	202
1939	498	213	196
1940	501	209	190
1941	506	219	192
1942	504	222	193
1943	505	226	192
1944	500	230	195
1945	496	234	198
1946	495	231	196
1947	496	227	202
1948	495	226	207
1949	497	222	213
1950	497	227	219
1951	499	230	215
1952	498	234	216
1953	501	233	218
1954	500	235	212
1955	502	237	211
1956	499	241	210
1957	494	246	212
1958	490	245	213
1959	492	247	217
1960	489	252	213
1961	491	253	206
1962	493	258	210
1963	497	256	209
1964	495	258	211
1965	493	250	209
1966	487	254	209
1967	486	255	206
1968	485	258	203
1969	483	255	196
1970	484	250	193
1971	485	247	193
1972	487	242	196
1973	487	243	195
1974	485	244	194
1975	486	242	189
1976	486	245	194
1977	485	242	189
1978	487	234	182
1979	490	238	183
1980	493	237	188
1981	494	236	191
1982	498	230	191
1983	496	227	192
1984	500	220	198
1985	504	217	203
1986	507	213	210
1987	503	212	211
1988	504	213	212
1989	503	216	214
1990	504	212	215
1991	504	210	214
1992	507	211	222
1993	510	212	222
1994	510	213	228
1995	505	214	230
1996	507	216	225
1997	508	214	225
1998	506	207	219
1999	508	206	219
2000	508	206	217
2001	511	211	218
2002	510	211	219
2003	513	214	216
2004	509	214	210
2005	512	217	215
2006	509	222	216
2007	510	217	215
2008	508	213	212
2009	510	213	206
2010	508	214	214
2011	508	212	217
2012	506	211	220
2013	508	203	221
2014	509	200	211
2015	513	204	207
2016	513	203	207
2017	511	210	211
2018	509	212	207
2019	508	211	210
2020	504	204	211
2021	502	207	212
2022	509	198	205
2023	512	201	205
2024	511	200	203
2025	513	200	204
2026	516	204	206
2027	517	203	205
2028	518	203	198
2029	521	205	202
2030	518	203	203
2031	517	201	199
2032	511	195	199
2033	513	198	200
2034	514	199	199
2035	517	203	197
2036	518	202	202
2037	521	202	204
2038	516	200	201
2039	515	203	196
2040	518	194	197
2041	516	194	203
2042	517	198	198
2043	519	201	198
2044	519	203	202
2045	515	206	201
2046	520	202	206
2047	519	202	202
2048	520	202	204
2049	518	203	204
2050	520	205	205
2051	516	206	208
2052	516	203	204
2053	515	207	207
2054	515	207	203
2055	516	211	205
2056	515	213	207
2057	514	207	208
2058	514	209	209
2059	512	217	208
2060	509	214	215
2061	507	213	212
2062	506	209	209
2063	507	207	211
2064	510	205	206
2065	513	201	209
2066	517	206	204
2067	517	206	203
2068	515	213	195
2069	514	208	190
2070	515	209	193
2071	516	213	194
2072	515	216	193
2073	510	220	191
2074	509	229	194
2075	503	226	191
2076	502	228	188
2077	500	227	184
2078	505	225	185
2079	505	225	185
2080	507	226	183
2081	507	230	185
2082	506	227	184
2083	503	229	181
2084	504	224	177
2085	504	225	181
2086	502	220	181
2087	504	223	176
2088	503	220	178
2089	504	217	173
2090	498	223	174
2091	497	224	170
2092	498	223	170
2093	501	219	173
2094	499	230	179
2095	501	229	175
2096	500	229	171
2097	501	228	176
2098	504	223	177
2099	503	224	175
2100	504	228	173
2101	503	232	170
2102	505	234	176
2103	505	232	178
2104	504	227	177
2105	503	234	179
2106	503	235	176
2107	500	237	177
2108	498	235	180
2109	501	231	185
2110	505	228	183
2111	505	232	179
2112	503	232	177
2113	508	228	177
2114	504	232	180
2115	501	232	176
2116	503	238	176
2117	506	239	174
2118	503	244	174
2119	502	245	175
2120	508	247	182
2121	506	254	181
2122	502	255	185
2123	500	258	189
2124	502	263	188
2125	494	266	187
2126	495	269	183
2127	495	268	183
2128	492	268	186
2129	493	264	185
2130	492	267	182
2131	490	264	177
2132	491	267	177
2133	490	274	183
2134	488	276	180
2135	490	267	182
2136	493	267	182
2137	498	252	183
2138	501	243	184
2139	500	244	182
2140	500	240	180
2141	502	232	180
2142	499	224	184
2143	503	217	180
2144	506	221	180
2145	506	219	181
2146	508	215	182
2147	510	212	182
2148	512	211	187
2149	509	211	184
2150	510	210	188
2151	504	212	186
2152	502	211	187
2153	500	211	198
2154	503	207	197
2155	506	205	198
2156	510	202	204
2157	508	200	200
2158	505	200	203
2159	506	202	201
2160	508	201	194
2161	510	202	196
2162	511	200	196
2163	513	200	192
2164	518	197	192
2165	516	192	194
2166	515	193	201
2167	515	195	200
2168	514	195	199
2169	511	199	199
2170	512	194	204
2171	512	194	204
2172	511	196	210
2173	512	192	212
2174	511	196	215
2175	512	199	216
2176	511	201	221
2177	512	205	214
2178	512	208	208
2179	511	211	206
2180	505	210	208
2181	504	213	206
2182	507	209	209
2183	506	209	200
2184	503	210	197
2185	503	216	193
2186	504	222	183
2187	503	220	186
2188	504	217	189
2189	503	221	192
2190	503	225	190
2191	503	227	187
2192	501	227	184
2193	502	225	181
2194	503	226	183
2195	502	228	182
2196	502	235	184
2197	503	234	193
2198	501	235	194
2199	504	232	198
2200	508	230	198
2201	505	230	199
2202	505	228	200
2203	505	226	195
2204	506	225	198
2205	507	224	199
2206	506	230	194
2207	507	224	193
2208	504	228	197
2209	504	231	196
2210	502	232	199
2211	502	235	199
2212	496	244	203
2213	497	248	203
2214	493	255	200
2215	488	263	195
2216	488	265	188
2217	488	274	190
2218	485	278	189
2219	482	281	183
2220	476	283	184
2221	475	282	180
2222	478	284	179
2223	477	282	175
2224	476	278	171
2225	481	281	171
2226	476	283	169
2227	474	286	173
2228	474	293	175
2229	476	294	174
2230	476	304	177
2231	473	309	180
2232	469	313	175
2233	467	322	179
2234	463	330	184
2235	460	335	177
2236	458	341	181
2237	453	347	183
2238	449	345	183
2239	447	349	179
2240	449	336	175
2241	454	345	164
2242	456	351	169
2243	456	346	168
2244	454	351	167
2245	451	351	176
2246	449	340	176
2247	452	344	173
2248	452	346	176
2249	453	347	175
2250	452	352	177
2251	454	348	179
2252	448	345	175
2253	449	338	168
2254	451	333	164
2255	450	331	161
2256	449	328	164
2257	454	321	160
2258	456	321	164
2259	459	319	173
2260	466	319	172
2261	462	317	177
2262	464	318	180
2263	462	314	180
2264	462	314	179
2265	457	308	180
2266	458	302	184
2267	461	302	190
2268	464	306	192
2269	463	315	193
2270	462	312	198
2271	462	316	199
2272	459	319	204
2273	459	317	202
2274	464	315	202
2275	465	319	206
2276	468	311	211
2277	465	313	208
2278	468	309	214
2279	464	304	216
2280	465	305	218
2281	464	316	221
2282	469	311	228
2283	468	312	226
2284	468	311	228
2285	470	314	226
2286	469	304	229
2287	471	291	239
2288	469	288	243
2289	473	291	244
2290	473	291	250
2291	475	290	254
2292	475	288	255
2293	473	291	255
2294	472	287	255
2295	471	290	255
2296	469	285	260
2297	471	277	261
2298	476	268	260
2299	479	266	267
2300	485	267	272
2301	489	262	277
2302	488	258	272
2303	489	255	269
2304	490	257	263
2305	489	265	264
2306	488	267	268
2307	489	271	262
2308	487	267	268
2309	490	265	266
2310	493	253	263
2311	491	251	258
2312	494	255	264
2313	492	255	264
2314	489	252	264
2315	486	251	265
2316	493	250	265
2317	489	250	259
2318	492	254	258
2319	493	255	262
2320	490	259	261
2321	492	263	262
2322	493	270	268
2323	489	267	269
2324	487	262	269
2325	492	253	271
2326	491	253	261
2327	495	249	270
2328	500	249	271
2329	499	248	269
2330	499	252	268
2331	500	246	266
2332	498	247	263
2333	497	253	254
2334	499	250	253
2335	496	252	256
2336	499	255	255
2337	500	257	253
2338	500	255	248
2339	500	257	245
2340	502	258	244
2341	498	259	248
2342	497	251	242
2343	499	245	245
2344	504	233	246
2345	507	231	249
2346	509	229	252
2347	511	220	256
2348	513	221	249
2349	512	219	237
2350	511	214	230
2351	516	216	227
2352	516	208	227
2353	516	203	232
2354	519	205	225
2355	523	206	229
2356	520	206	227
2357	519	202	230
2358	521	195	232
2359	521	196	229
2360	521	197	230
2361	520	194	228
2362	522	193	230
2363	524	185	235
2364	526	182	230
2365	527	181	228
2366	531	175	223
2367	532	174	222
2368	530	175	217
2369	531	175	212
2370	531	169	207
2371	530	170	207
2372	534	169	204
2373	536	168	200
2374	535	174	199
2375	534	177	199
2376	536	174	199
2377	535	178	191
2378	533	183	196
2379	535	186	188
2380	532	182	185
2381	530	190	173
2382	528	192	172
2383	529	200	175
2384	524	202	175
2385	522	202	180
2386	520	203	173
2387	515	206	172
2388	514	203	169
2389	518	202	171
2390	522	200	169
2391	521	204	169
2392	523	204	168
2393	521	204	169
2394	517	204	167
2395	515	203	170
2396	517	201	168
2397	523	199	170
2398	522	201	170
2399	521	205	170
2400	522	206	167
2401	518	208	169
2402	514	207	167
2403	512	210	166
2404	514	207	165
2405	510	209	167
2406	512	215	164
2407	508	217	168
2408	509	220	161
2409	510	224	159
2410	516	226	161
2411	512	229	160
2412	515	234	158
2413	512	234	159
2414	505	235	151
2415	500	244	149
2416	500	247	148
2417	497	244	149
2418	497	241	141
2419	500	250	141
2420	494	251	138
2421	497	250	135
2422	496	246	137
2423	497	249	131
2424	496	252	123
2425	498	259	128
2426	494	263	130
2427	492	265	132
2428	491	272	134
2429	486	273	137
2430	482	274	143
2431	479	272	145
2432	476	283	148
2433	475	282	145
2434	476	284	150
2435	477	283	140
2436	477	293	133
2437	475	288	133
2438	473	292	133
2439	471	289	135
2440	469	294	137
2441	467	296	142
2442	468	299	147
2443	468	305	148
2444	470	299	148
2445	471	298	147
2446	470	291	149
2447	470	286	150
2448	471	291	147
2449	470	294	150
2450	473	306	149
2451	469	309	147
2452	471	308	150
2453	469	305	151
2454	471	301	148
2455	467	306	150
2456	473	305	150
2457	467	302	150
2458	466	303	149
2459	461	303	149
2460	464	306	155
2461	464	310	155
2462	467	309	153
2463	467	309	149
2464	469	308	152
2465	467	312	153
2466	465	323	148
2467	463	320	152
2468	461	319	150
2469	459	318	150
2470	459	317	144
2471	462	314	144
2472	462	319	147
2473	467	321	150
2474	462	317	153
2475	462	320	152
2476	459	322	154
2477	459	319	157
2478	458	317	156
2479	460	316	161
2480	458	319	165
2481	455	322	164
2482	451	327	165
2483	449	330	160
2484	446	333	160
2485	446	332	163
2486	446	331	161
2487	445	331	166
2488	447	336	169
2489	453	333	174
2490	454	336	176
2491	456	342	180
2492	460	341	182
2493	455	347	182
2494	446	347	181
2495	447	347	182
2496	442	347	189
2497	440	344	192
2498	445	344	198
2499	446	339	205
2500	446	343	207
2501	451	340	211
2502	451	346	209
2503	447	340	213
2504	446	340	214
2505	444	338	213
2506	441	342	217
2507	443	329	224
2508	446	325	227
2509	452	322	226
2510	452	325	230
2511	458	322	233
2512	461	320	235
2513	461	319	240
2514	460	319	248
2515	466	312	256
2516	465	310	264
2517	464	312	276
2518	469	313	280
2519	470	314	273
2520	469	311	276
2521	470	304	268
2522	471	301	272
2523	473	303	276
2524	478	304	279
2525	480	302	281
2526	481	296	281
2527	483	288	284
2528	486	291	291
2529	488	286	296
2530	492	280	294
2531	493	289	298
2532	493	297	297
2533	491	301	303
2534	491	295	307
2535	489	296	296
2536	488	295	294
2537	488	300	291
2538	489	300	300
2539	490	303	307
2540	487	302	311
2541	486	308	308
2542	486	311	310
2543	485	307	305
2544	482	300	299
2545	485	289	294
2546	486	295	296
2547	483	292	290
2548	480	301	299
2549	478	301	298
2550	477	297	291
2551	479	286	286
2552	481	292	286
2553	483	296	284
2554	486	299	278
2555	489	287	278
2556	487	286	282
2557	488	289	284
2558	489	285	271
2559	489	292	271
2560	490	291	270
2561	490	290	261
2562	490	288	264
2563	494	287	260
2564	493	286	256
2565	490	282	252
2566	492	279	256
2567	493	274	252
2568	495	278	254
2569	495	271	254
2570	497	263	254
2571	496	258	260
2572	498	261	260
2573	498	253	252
2574	499	256	255
2575	496	254	250
2576	497	248	246
2577	496	244	246
2578	496	246	244
2579	499	241	241
2580	506	235	236
2581	507	236	231
2582	504	228	221
2583	507	220	222
2584	505	224	217
2585	506	218	218
2586	507	213	215
2587	514	209	216
2588	514	202	213
2589	518	197	217
2590	517	196	217
2591	521	196	216
2592	518	197	217
2593	521	197	220
2594	519	196	216
2595	524	196	217
2596	525	197	218
2597	523	198	224
2598	520	203	229
2599	520	209	230
2600	514	211	231
2601	509	209	236
2602	513	209	236
2603	513	211	231
2604	511	207	231
2605	512	208	228
2606	512	207	229
2607	510	205	225
2608	510	207	230
2609	511	203	231
2610	512	201	228
2611	512	207	231
2612	512	207	232
2613	514	214	232
2614	513	216	240
2615	510	211	244
2616	513	209	243
2617	512	207	236
2618	510	210	231
2619	512	203	227
2620	514	209	228
2621	513	211	234
2622	513	212	233
2623	512	213	231
2624	509	210	226
2625	508	209	223
2626	507	206	225
2627	506	206	218
2628	507	205	222
2629	514	200	221
2630	514	199	210
2631	518	203	208
2632	519	209	209
2633	520	208	204
2634	516	206	210
2635	518	200	211
2636	517	199	209
2637	515	201	207
2638	517	204	204
2639	517	209	201
2640	516	208	198
2641	514	214	199
2642	515	214	197
2643	515	219	198
2644	516	225	191
2645	511	233	195
2646	509	234	193
2647	509	234	191
2648	505	236	191
2649	502	236	191
2650	505	238	190
2651	505	237	186
2652	500	238	188
2653	503	235	181
2654	500	236	185
2655	499	241	188
2656	502	239	189
2657	506	246	185
2658	502	245	191
2659	503	250	189
2660	503	252	189
2661	500	253	191
2662	496	248	191
2663	498	247	190
2664	503	247	191
2665	506	247	193
2666	508	246	196
2667	511	243	197
2668	509	243	200
2669	508	245	197
2670	504	248	192
2671	502	245	189
2672	504	246	188
2673	503	251	195
2674	503	253	196
2675	504	257	199
2676	505	259	197
2677	503	258	196
2678	503	256	199
2679	501	259	200
2680	501	256	200
2681	498	262	206
2682	500	258	208
2683	499	255	211
2684	502	251	206
2685	498	256	211
2686	496	256	210
2687	498	246	204
2688	498	245	201
2689	497	247	205
2690	497	250	202
2691	496	255	195
2692	496	250	192
2693	497	250	191
2694	496	238	188
2695	501	238	196
2696	499	233	197
2697	493	237	200
2698	493	237	199
2699	493	234	189
2700	493	234	186
2701	499	231	189
2702	502	234	187
2703	503	239	187
2704	505	241	190
2705	505	242	194
2706	503	247	192
2707	505	244	190
2708	502	245	188
2709	498	240	189
2710	497	235	187
2711	497	234	185
2712	494	239	186
2713	493	237	188
2714	495	243	187
2715	495	240	186
2716	495	244	188
2717	496	238	198
2718	502	232	201
2719	505	225	193
2720	505	223	196
2721	503	223	196
2722	504	221	196
2723	504	218	191
2724	508	211	186
2725	512	213	191
2726	512	213	197
2727	515	209	195
2728	515	202	200
2729	511	202	197
2730	512	200	196
2731	516	202	195
2732	516	200	199
2733	518	206	200
2734	518	204	206
2735	517	205	205
2736	516	209	199
2737	517	211	200
2738	512	212	199
2739	512	215	198
2740	513	215	200
2741	513	211	194
2742	511	209	190
2743	513	205	192
2744	514	203	190
2745	515	199	190
2746	515	202	194
2747	515	205	194
2748	516	204	192
2749	516	202	193
2750	514	204	198
2751	514	194	199
2752	516	192	199
2753	519	186	204
2754	519	182	202
2755	522	182	199
2756	525	181	189
2757	527	181	185
2758	529	174	184
2759	532	175	187
2760	532	171	192
2761	533	169	188
2762	534	169	190
2763	532	169	193
2764	530	160	199
2765	530	163	196
2766	528	160	196
2767	528	156	198
2768	528	163	195
2769	530	163	197
2770	528	163	195
2771	530	158	190
2772	529	154	194
2773	528	154	193
2774	529	154	187
2775	532	158	181
2776	534	159	185
2777	532	160	186
2778	532	162	186
2779	532	158	185
2780	534	153	189
2781	536	156	190
2782	537	158	192
2783	538	159	194
2784	536	160	195
2785	535	158	195
2786	531	158	192
2787	531	159	192
2788	533	166	189
2789	532	165	189
2790	530	162	195
2791	531	166	189
2792	533	163	187
2793	533	163	187
2794	532	164	193
2795	533	166	193
2796	531	171	197
2797	529	172	199
2798	529	168	196
2799	530	176	194
2800	527	181	185
2801	529	181	188
2802	527	185	187
2803	524	190	190
2804	525	192	189
2805	524	191	188
2806	520	191	188
2807	520	197	195
2808	518	199	194
2809	515	200	194
2810	515	202	189
2811	513	205	190
2812	513	210	185
2813	511	211	185
2814	508	218	182
2815	509	228	179
2816	508	227	174
2817	505	229	172
2818	506	236	173
2819	506	232	173
2820	500	232	172
2821	499	232	172
2822	498	231	173
2823	497	241	179
2824	499	244	182
2825	501	240	187
2826	503	237	194
2827	500	238	192
2828	498	239	191
2829	500	236	189
2830	501	230	179
2831	503	225	182
2832	505	228	180
2833	504	229	180
2834	501	231	183
2835	503	229	180
2836	501	228	181
2837	503	228	187
2838	509	225	183
2839	507	226	181
2840	502	229	186
2841	500	227	184
2842	501	228	184
2843	498	225	185
2844	501	232	187
2845	503	234	196
2846	509	220	200
2847	505	219	203
2848	507	219	203
2849	511	223	201
2850	516	222	205
2851	516	226	214
2852	518	220	221
2853	519	221	221
2854	515	219	225
2855	511	219	214
2856	510	218	217
2857	515	215	210
2858	516	216	212
2859	514	214	215
2860	516	217	212
2861	516	217	208
2862	512	214	208
2863	510	221	201
2864	512	219	202
2865	510	227	208
2866	510	223	208
2867	511	223	208
2868	510	228	211
2869	509	231	211
2870	505	230	214
2871	502	222	211
2872	504	219	209
2873	509	219	213
2874	507	225	216
2875	507	218	215
2876	509	215	215
2877	504	215	216
2878	502	220	215
2879	510	217	218
2880	509	221	223
2881	510	219	219
2882	512	222	217
2883	510	219	212
2884	503	220	211
2885	507	215	211
2886	503	217	209
2887	505	215	208
2888	506	219	199
2889	509	220	196
2890	510	215	189
2891	513	216	189
2892	510	215	193
2893	510	220	192
2894	508	216	196
2895	509	220	198
2896	505	224	198
2897	504	229	198
2898	503	222	198
2899	506	217	201
2900	505	214	199
2901	509	205	200
2902	510	206	191
2903	512	204	190
2904	511	204	191
2905	510	200	197
2906	515	198	193
2907	516	199	195
2908	518	200	198
2909	516	196	199
2910	519	196	197
2911	519	194	194
2912	522	192	195
2913	520	200	194
2914	523	199	194
2915	521	199	193
2916	517	201	186
2917	519	201	184
2918	520	205	188
2919	519	206	189
2920	522	206	190
2921	521	199	194
2922	518	203	191
2923	519	201	193
2924	517	200	199
2925	517	200	196
2926	514	201	191
2927	513	201	186
2928	512	203	188
2929	513	202	187
2930	510	207	185
2931	512	207	184
2932	510	210	188
2933	513	215	188
2934	512	213	191
2935	510	215	192
2936	507	211	189
2937	509	210	192
2938	508	208	190
2939	506	206	191
2940	506	213	186
2941	509	213	186
2942	509	209	181
2943	506	211	177
2944	510	206	178
2945	512	204	180
2946	515	206	181
2947	516	204	181
2948	514	200	182
2949	510	205	188
2950	509	206	186
2951	507	204	188
2952	508	204	195
2953	508	204	200
2954	506	206	204
2955	507	212	208
2956	506	210	209
2957	506	206	209
2958	513	201	206
2959	516	199	205
2960	517	190	202
2961	518	192	202
2962	520	188	200
2963	518	188	201
2964	518	186	205
2965	523	189	213
2966	526	187	217
2967	526	184	215
2968	527	189	206
2969	528	191	206
2970	526	193	202
2971	528	198	194
2972	525	201	194
2973	525	199	191
2974	527	199	190
2975	524	199	191
2976	520	201	195
2977	519	202	194
2978	517	200	195
2979	515	199	191
2980	515	202	185
2981	514	209	191
2982	517	203	188
2983	518	201	182
2984	517	208	180
2985	519	199	186
2986	516	197	182
2987	517	198	179
2988	517	201	181
2989	519	200	180
2990	517	198	180
2991	521	197	178
2992	519	200	177
2993	516	200	182
2994	519	203	182
2995	520	206	186
2996	516	205	190
2997	512	210	196
2998	513	214	199
2999	510	210	199
3000	508	206	196
3001	511	201	188
3002	517	198	179
3003	520	195	176
3004	519	198	175
3005	519	199	178
3006	518	199	178
3007	513	202	182
3008	509	206	183
3009	508	200	191
3010	503	198	186
3011	506	197	188
3012	513	196	195
3013	514	200	189
3014	514	201	189
3015	516	199	191
3016	511	194	191
3017	505	199	189
3018	504	200	189
3019	504	199	194
3020	508	199	195
3021	508	199	196
3022	513	200	195
3023	514	199	199
3024	514	198	200
3025	511	200	200
3026	513	200	197
3027	513	199	198
3028	512	200	197
3029	510	201	201
3030	510	198	199
3031	510	197	196
3032	509	197	196
3033	510	197	197
3034	511	200	196
3035	512	200	193
3036	513	202	197
3037	510	200	201
3038	514	199	203
3039	514	202	198
3040	517	199	198
3041	519	200	203
3042	522	200	201
3043	515	202	202
3044	510	204	206
3045	507	205	205
3046	505	207	209
3047	502	205	207
3048	506	209	210
3049	510	211	203
3050	508	207	204
3051	508	208	210
3052	508	207	216
3053	503	206	208
3054	503	207	206
3055	505	208	208
3056	508	208	198
3057	506	211	201
3058	501	216	208
3059	502	219	197
3060	504	215	192
3061	498	213	192
3062	500	215	191
3063	506	211	195
3064	504	212	191
3065	501	214	195
3066	499	221	198
3067	499	217	196
3068	499	217	196
3069	501	218	197
3070	500	227	200
3071	501	231	202
3072	501	234	206
3073	500	235	204
3074	500	233	204
3075	502	233	206
3076	503	227	215
3077	505	221	218
3078	504	220	217
3079	501	221	220
3080	501	215	221
3081	501	220	219
3082	501	220	219
3083	502	219	221
3084	507	220	222
3085	507	218	217
3086	503	220	220
3087	502	226	216
3088	503	224	220
3089	504	222	217
3090	506	218	217
3091	508	215	214
3092	508	219	206
3093	506	219	207
3094	506	225	206
3095	506	230	203
3096	508	231	205
3097	506	235	206
3098	508	235	202
3099	505	238	203
3100	506	234	205
3101	508	231	208
3102	511	233	210
3103	510	232	209
3104	509	241	212
3105	507	242	213
3106	504	242	210
3107	501	243	206
3108	501	247	207
3109	498	245	213
3110	496	252	213
3111	503	244	216
3112	504	238	218
3113	505	235	219
3114	509	226	217
3115	510	229	220
3116	507	218	216
3117	513	214	215
3118	516	212	215
3119	514	216	215
3120	515	219	211
3121	513	223	201
3122	512	222	203
3123	513	219	207
3124	518	222	212
3125	518	223	208
3126	521	220	203
3127	520	217	202
3128	518	219	203
3129	518	216	203
3130	520	214	197
3131	519	216	198
3132	521	215	192
3133	519	211	195
3134	520	200	187
3135	520	196	193
3136	518	195	192
3137	516	196	189
3138	522	195	188
3139	519	196	189
3140	522	192	183
3141	525	193	185
3142	525	192	189
3143	522	192	192
3144	523	193	187
3145	520	188	187
3146	522	188	183
3147	527	180	182
3148	530	183	186
3149	532	183	186
3150	535	176	183
3151	536	173	183
3152	534	179	185
3153	532	181	188
3154	534	178	191
3155	531	180	188
3156	531	185	186
3157	530	185	186
3158	526	190	187
3159	525	190	190
3160	529	193	193
3161	528	198	193
3162	527	199	195
3163	531	200	199
3164	525	206	202
3165	520	202	203
3166	519	199	199
3167	519	198	199
3168	518	202	190
3169	521	200	195
3170	521	199	195
3171	518	198	194
3172	515	200	197
3173	515	200	199
3174	515	200	196
3175	519	193	194
3176	519	199	193
3177	521	199	191
3178	521	199	188
3179	519	201	191
3180	517	200	192
3181	517	194	194
3182	516	189	196
3183	519	184	199
3184	522	185	201
3185	523	189	202
3186	524	184	196
3187	525	182	192
3188	522	177	182
3189	522	179	175
3190	524	186	180
3191	527	180	175
3192	526	173	176
3193	526	172	167
3194	529	170	162
3195	530	172	167
3196	529	168	168
3197	527	170	166
3198	525	171	166
3199	522	172	170
3200	519	175	166
3201	517	177	167
3202	521	175	167
3203	523	174	167
3204	523	169	169
3205	524	175	172
3206	521	172	170
3207	522	172	171
3208	523	175	174
3209	521	179	179
3210	520	179	176
3211	523	177	177
3212	520	176	177
3213	522	173	181
3214	523	166	186
3215	524	167	182
3216	526	170	180
3217	529	166	182
3218	531	167	183
3219	531	168	186
3220	528	174	180
3221	526	174	183
3222	524	171	188
3223	521	170	188
3224	522	169	190
3225	523	172	190
3226	521	174	194
3227	522	175	184
3228	520	177	183
3229	519	180	177
3230	520	181	180
3231	520	183	180
3232	517	188	181
3233	514	198	181
3234	509	200	182
3235	508	200	186
3236	506	208	189
3237	501	211	192
3238	503	214	185
3239	505	219	193
3240	506	213	191
3241	504	213	196
3242	508	209	198
3243	509	215	199
3244	511	212	198
3245	511	214	194
3246	513	214	196
3247	511	215	195
3248	508	216	194
3249	506	214	196
3250	506	217	199
3251	508	219	195
3252	509	212	196
3253	507	213	197
3254	513	213	188
3255	515	213	189
3256	511	211	186
3257	515	213	180
3258	515	213	187
3259	516	212	185
3260	513	214	182
3261	514	216	188
3262	511	213	184
3263	514	217	181
3264	512	223	181
3265	514	221	186
3266	511	221	189
3267	514	219	190
3268	515	221	190
3269	512	222	182
3270	509	230	177
3271	509	236	177
3272	507	235	177
3273	505	237	174
3274	508	234	166
3275	507	242	166
3276	504	246	161
3277	503	246	169
3278	501	246	170
3279	496	250	176
3280	497	250	169
3281	505	248	168
3282	507	246	171
3283	510	243	165
3284	513	244	169
3285	513	245	171
3286	510	253	170
3287	508	255	172
3288	502	249	170
3289	504	251	175
3290	505	251	169
3291	504	251	163
3292	502	251	165
3293	506	255	161
3294	505	259	167
3295	503	263	168
3296	503	258	167
3297	504	256	164
3298	501	259	166
3299	500	257	168
3300	503	251	165
3301	504	244	163
3302	503	238	166
3303	504	246	168
3304	508	251	173
3305	505	256	169
3306	507	252	167
3307	507	245	162
3308	508	243	161
3309	504	244	161
3310	504	243	160
3311	501	242	164
3312	504	247	165
3313	500	237	157
3314	501	243	155
3315	498	241	159
3316	501	240	156
3317	501	236	152
3318	502	235	149
3319	503	230	154
3320	506	230	150
3321	503	230	146
3322	502	227	147
3323	503	227	152
3324	506	231	152
3325	504	233	157
3326	505	229	158
3327	506	231	161
3328	509	223	164
3329	504	218	167
3330	506	215	169
3331	505	213	172
3332	504	210	175
3333	504	208	180
3334	506	198	184
3335	508	196	185
3336	512	195	189
3337	513	196	187
3338	511	196	195
3339	513	195	198
3340	514	194	199
3341	513	195	199
3342	513	197	204
3343	511	199	199
3344	510	195	195
3345	507	195	191
3346	509	194	192
3347	507	200	194
3348	504	200	201
3349	506	201	203
3350	510	190	209
3351	508	189	208
3352	511	190	214
3353	519	186	219
3354	517	186	220
3355	515	186	221
3356	514	185	225
3357	514	189	218
3358	511	194	218
3359	511	194	219
3360	511	194	222
3361	509	184	223
3362	509	185	223
3363	507	190	225
3364	508	187	215
3365	507	194	213
3366	510	200	207
3367	508	203	209
3368	511	201	206
3369	511	194	213
3370	510	197	210
3371	507	197	206
3372	509	197	206
3373	507	202	204
3374	507	208	207
3375	506	207	206
3376	511	206	206
3377	511	209	211
3378	508	210	212
3379	510	216	216
3380	511	217	216
3381	505	221	220
3382	506	215	222
3383	509	217	219
3384	509	212	219
3385	506	218	219
3386	508	220	222
3387	502	222	222
3388	500	228	212
3389	497	223	217
3390	502	226	213
3391	500	226	210
3392	501	236	210
3393	502	238	216
3394	502	244	214
3395	498	251	213
3396	499	250	210
3397	500	248	205
3398	496	255	203
3399	496	254	207
3400	497	250	210
3401	496	256	210
3402	498	257	203
3403	497	258	203
3404	493	260	208
3405	495	261	210
3406	490	255	203
3407	485	252	199
3408	485	257	203
3409	484	251	202
3410	488	255	201
3411	493	260	197
3412	495	256	201
3413	493	259	189
3414	494	266	182
3415	485	277	179
3416	482	277	175
3417	484	272	175
3418	487	267	173
3419	484	266	173
3420	486	263	176
3421	484	267	178
3422	485	260	179
3423	485	262	177
3424	485	256	179
3425	482	256	185
3426	483	250	188
3427	484	257	188
3428	484	259	182
3429	486	261	188
3430	488	257	187
3431	486	262	194
3432	484	261	188
3433	482	265	183
3434	483	260	181
3435	485	266	182
3436	485	266	182
3437	482	269	181
3438	483	271	187
3439	484	269	187
3440	481	273	188
3441	483	265	189
3442	482	268	186
3443	483	261	187
3444	482	257	186
3445	484	256	190
3446	482	251	189
3447	482	254	190
3448	481	255	194
3449	485	248	187
3450	487	242	187
3451	491	240	190
3452	493	234	190
3453	492	236	194
3454	492	240	193
3455	491	238	192
3456	490	240	189
3457	492	238	189
3458	493	239	189
3459	487	239	186
3460	483	242	186
3461	484	237	193
3462	482	241	195
3463	483	247	192
3464	484	247	193
3465	489	252	193
3466	489	248	191
3467	487	242	193
3468	487	237	195
3469	488	236	196
3470	492	234	197
3471	493	233	202
3472	495	240	203
3473	494	247	212
3474	495	254	216
3475	489	256	221
3476	488	252	214
3477	486	248	214
3478	487	246	213
3479	481	243	212
3480	480	243	207
3481	478	243	212
3482	480	245	220
3483	483	247	216
3484	490	248	214
3485	491	244	218
3486	492	238	219
3487	497	236	223
3488	492	230	230
3489	489	227	229
3490	494	219	230
3491	494	221	230
3492	492	220	225
3493	494	219	223
3494	497	216	221
3495	499	216	217
3496	502	211	217
3497	503	202	217
3498	506	208	217
3499	509	212	221
3500	507	215	216
3501	506	218	223
3502	506	218	220
3503	505	219	221
3504	504	220	216
3505	505	218	214
3506	503	212	212
3507	504	213	217
3508	505	211	221
3509	505	207	220
3510	506	206	220
3511	510	202	218
3512	508	205	214
3513	510	205	212
3514	509	204	209
3515	510	203	211
3516	508	206	205
3517	509	203	206
3518	507	206	207
3519	506	206	208
3520	505	210	212
3521	507	206	212
3522	507	207	208
3523	504	211	211
3524	504	205	207
3525	503	203	206
3526	501	204	203
3527	503	205	204
3528	506	201	204
3529	505	201	205
3530	506	206	201
3531	501	208	204
3532	496	213	201
3533	493	216	204
3534	496	216	209
3535	493	217	207
3536	496	216	202
3537	498	213	201
3538	498	218	200
3539	492	220	200
3540	492	215	203
3541	494	220	208
3542	497	216	206
3543	500	211	207
3544	504	215	206
3545	504	209	206
3546	507	206	205
3547	508	202	206
3548	509	202	205
3549	508	208	205
3550	507	213	212
3551	505	207	211
3552	505	208	210
3553	502	207	214
3554	501	211	212
3555	504	206	218
3556	506	210	215
3557	504	213	212
3558	505	213	210
3559	505	214	216
3560	500	220	215
3561	498	221	215
3562	499	217	219
3563	496	216	219
3564	500	215	216
3565	504	215	217
3566	504	214	215
3567	503	210	214
3568	510	206	216
3569	511	207	210
3570	510	207	208
3571	508	211	210
3572	506	208	208
3573	505	206	205
3574	505	205	207
3575	510	205	208
3576	513	203	209
3577	519	206	209
3578	519	208	210
3579	519	218	217
3580	516	217	219
3581	518	216	216
3582	516	211	213
3583	514	213	214
3584	514	211	215
3585	515	210	212
3586	515	211	205
3587	513	200	199
3588	518	199	194
3589	520	200	188
3590	524	200	191
3591	525	198	193
3592	528	202	196
3593	525	200	188
3594	523	200	185
3595	523	199	179
3596	525	197	174
3597	527	193	172
3598	528	193	176
3599	528	201	177
3600	524	202	179
3601	524	202	178
3602	524	204	170
3603	522	201	170
3604	522	200	171
3605	522	199	173
3606	524	200	168
3607	526	196	170
3608	529	199	166
3609	537	195	161
3610	540	202	162
3611	537	201	163
3612	533	203	165
3613	533	202	164
3614	528	207	166
3615	531	206	168
3616	530	203	164
3617	532	200	171
3618	531	200	165
3619	531	200	164
3620	528	204	165
3621	526	211	168
3622	527	210	171
3623	522	217	167
3624	521	218	175
3625	521	217	177
3626	527	212	174
3627	524	209	178
3628	526	213	173
3629	524	215	173
3630	522	218	175
3631	517	216	176
3632	514	215	176
3633	513	216	177
3634	512	217	170
3635	511	212	173
3636	510	207	166
3637	513	209	166
3638	513	208	162
3639	512	213	164
3640	511	216	162
3641	514	210	160
3642	514	209	159
3643	511	211	155
3644	513	210	153
3645	515	209	153
3646	510	206	153
3647	509	208	156
3648	512	201	156
3649	513	200	159
3650	512	202	158
3651	514	207	159
3652	518	208	156
3653	517	208	154
3654	517	208	151
3655	517	215	149
3656	514	214	147
3657	513	213	152
3658	514	208	154
3659	514	202	154
3660	515	202	157
3661	516	202	159
3662	514	200	163
3663	517	201	160
3664	517	200	164
3665	517	200	167
3666	517	199	171
3667	517	202	175
3668	514	203	179
3669	514	198	180
3670	518	194	184
3671	518	194	187
3672	520	196	190
3673	520	199	197
3674	522	200	196
3675	519	199	191
3676	521	197	195
3677	517	199	196
3678	517	199	199
3679	515	202	202
3680	511	203	205
3681	512	198	207
3682	513	196	211
3683	517	199	214
3684	514	202	214
3685	513	209	211
3686	508	200	212
3687	504	204	213
3688	498	207	206
3689	503	207	207
3690	508	204	205
3691	510	201	203
3692	511	197	194
3693	515	195	191
3694	510	197	193
3695	511	194	190
3696	514	194	189
3697	514	190	190
3698	512	197	190
3699	515	202	187
3700	510	197	189
3701	509	200	189
3702	512	203	188
3703	513	205	186
3704	512	203	188
3705	515	208	180
3706	511	207	182
3707	511	213	180
3708	509	219	184
3709	504	218	192
3710	502	222	191
3711	501	220	184
3712	496	224	182
3713	495	226	191
3714	498	229	192
3715	496	232	186
3716	494	236	194
3717	494	234	193
3718	492	234	195
3719	492	234	196
3720	497	231	196
3721	498	224	201
3722	499	221	206
3723	500	220	209
3724	500	220	210
3725	499	221	211
3726	504	222	215
3727	507	214	215
3728	509	219	216
3729	508	213	219
3730	506	213	213
3731	505	213	207
3732	503	209	208
3733	503	214	213
3734	501	214	206
3735	499	216	202
3736	494	213	210
3737	496	209	213
3738	497	214	212
3739	500	214	217
3740	502	218	220
3741	506	214	214
3742	508	211	212
3743	508	214	210
3744	511	215	212
3745	511	222	210
3746	509	220	204
3747	505	223	201
3748	504	222	198
3749	504	215	194
3750	508	220	190
3751	510	216	187
3752	513	216	181
3753	510	220	184
3754	509	223	185
3755	506	225	184
3756	504	230	178
3757	502	220	182
3758	504	218	172
3759	507	218	170
3760	508	217	171
3761	511	215	174
3762	515	216	179
3763	516	215	182
3764	510	218	187
3765	508	219	190
3766	509	215	189
3767	511	214	193
3768	511	215	193
3769	513	212	191
3770	513	205	191
3771	510	204	187
3772	510	204	188
3773	511	203	191
3774	513	198	190
3775	515	199	189
3776	517	197	190
3777	516	194	192
3778	519	199	189
3779	520	190	188
3780	521	186	188
3781	526	188	188
3782	527	190	194
3783	528	193	192
3784	527	200	191
3785	528	200	183
3786	525	199	179
3787	524	203	179
3788	522	208	175
3789	521	207	178
3790	521	208	182
3791	520	212	180
3792	525	204	178
3793	526	204	178
3794	529	200	182
3795	529	205	179
3796	531	201	176
3797	529	201	176
3798	529	202	174
3799	528	205	175
3800	524	205	170
3801	523	209	169
3802	522	210	170
3803	522	208	170
3804	523	211	171
3805	526	211	173
3806	525	211	170
3807	528	208	170
3808	529	209	173
3809	528	210	173
3810	529	207	172
3811	533	209	168
3812	533	208	172
3813	530	206	171
3814	531	205	174
3815	531	204	176
3816	529	205	175
3817	525	208	174
3818	524	208	181
3819	524	208	180
3820	525	206	182
3821	523	202	183
3822	525	205	184
3823	528	204	181
3824	529	199	181
3825	531	198	176
3826	532	200	169
3827	531	199	166
3828	528	200	159
3829	527	200	165
3830	523	204	166
3831	520	204	171
3832	521	206	174
3833	525	206	166
3834	523	208	165
3835	525	200	166
3836	527	200	167
3837	527	200	167
3838	524	203	172
3839	523	196	175
3840	522	199	177
3841	522	200	172
3842	518	199	171
3843	518	203	164
3844	518	200	169
3845	516	200	172
3846	517	203	171
3847	519	202	175
3848	517	200	175
3849	518	193	178
3850	518	196	182
3851	516	196	186
3852	513	199	188
3853	516	200	189
3854	515	197	193
3855	516	199	187
3856	515	204	185
3857	516	203	183
3858	514	202	182
3859	513	200	186
3860	515	199	185
3861	515	199	182
3862	514	206	185
3863	515	207	185
3864	515	205	190
3865	513	199	186
3866	510	198	187
3867	513	193	185
3868	511	199	183
3869	511	200	181
3870	513	200	176
3871	520	198	175
3872	518	200	175
3873	516	200	173
3874	517	196	166
3875	512	202	168
3876	509	199	168
3877	512	200	173
3878	512	199	173
3879	509	201	172
3880	508	202	169
3881	508	206	169
3882	505	203	172
3883	504	203	175
3884	506	206	169
3885	507	210	168
3886	507	212	170
3887	506	212	179
3888	504	211	176
3889	502	212	180
3890	502	210	185
3891	497	212	187
3892	496	221	193
3893	496	220	194
3894	495	221	197
3895	495	223	198
3896	496	221	201
3897	499	219	202
3898	498	223	203
3899	498	225	195
3900	497	227	197
3901	499	226	195
3902	500	224	194
3903	501	222	192
3904	503	224	198
3905	502	226	204
3906	500	228	203
3907	498	225	205
3908	500	223	207
3909	500	224	209
3910	503	221	214
3911	503	223	208
3912	504	219	213
3913	503	219	215
3914	503	222	218
3915	500	229	217
3916	500	232	218
3917	499	226	219
3918	499	225	221
3919	502	220	218
3920	504	226	223
3921	504	222	224
3922	505	224	228
3923	504	225	231
3924	502	221	225
3925	500	225	233
3926	505	223	224
3927	500	229	226
3928	499	229	225
3929	500	229	227
3930	499	233	237
3931	500	236	236
3932	506	230	233
3933	508	233	235
3934	508	235	221
3935	508	242	213
3936	504	237	215
3937	505	245	218
3938	502	242	216
3939	504	241	212
3940	504	243	213
3941	503	240	213
3942	499	243	214
3943	501	244	219
3944	499	237	214
3945	501	230	206
3946	503	230	209
3947	502	234	209
3948	506	232	203
3949	506	235	206
3950	502	234	193
3951	500	240	194
3952	497	243	190
3953	496	246	188
3954	496	238	193
3955	500	234	193
3956	501	241	195
3957	503	247	195
3958	503	249	192
3959	496	250	192
3960	493	255	196
3961	493	247	201
3962	494	250	205
3963	491	254	208
3964	492	252	212
3965	493	248	214
3966	497	243	215
3967	498	235	218
3968	500	236	218
3969	507	230	218
3970	509	228	224
3971	509	233	222
3972	508	231	225
3973	505	235	226
3974	502	231	222
3975	503	234	220
3976	501	232	225
3977	498	237	216
3978	495	241	223
3979	494	248	223
3980	490	245	229
3981	490	239	235
3982	488	246	233
3983	491	248	231
3984	487	252	231
3985	486	252	230
3986	482	253	227
3987	483	247	231
3988	482	250	229
3989	482	250	224
3990	481	248	218
3991	480	252	223
3992	482	255	222
3993	483	260	223
3994	483	262	220
3995	482	262	221
3996	480	271	219
3997	476	264	219
3998	479	261	221
3999	479	256	215
4000	482	251	215
4001	484	253	215
4002	485	257	215
4003	484	250	215
4004	484	241	214
4005	485	243	221
4006	488	236	220
4007	491	234	218
4008	493	233	217
4009	499	234	222
4010	498	234	218
4011	499	223	216
4012	500	219	221
4013	502	215	223
4014	502	216	225
4015	498	214	223
4016	501	219	226
4017	501	214	238
4018	501	220	231
4019	503	221	239
4020	507	224	242
4021	508	225	239
4022	507	219	235
4023	507	219	234
4024	505	222	239
4025	507	224	237
4026	503	219	236
4027	503	216	231
4028	500	215	230
4029	502	220	232
4030	502	215	239
4031	504	214	238
4032	506	208	230
4033	511	207	231
4034	514	206	234
4035	517	207	230
4036	521	202	229
4037	524	204	226
4038	527	205	223
4039	523	208	227
4040	524	204	230
4041	523	204	224
4042	518	204	222
4043	513	208	219
4044	515	209	217
4045	510	209	210
4046	509	208	209
4047	511	207	211
4048	515	207	205
4049	516	205	205
4050	518	204	204
4051	519	203	200
4052	517	197	192
4053	517	190	191
4054	518	189	188
4055	521	185	185
4056	526	180	176
4057	532	180	177
4058	535	182	176
4059	536	193	172
4060	535	193	174
4061	528	198	172
4062	525	195	174
4063	523	198	171
4064	521	200	165
4065	519	194	169
4066	516	200	163
4067	517	200	164
4068	513	199	167
4069	510	197	169
4070	511	197	168
4071	516	199	168
4072	517	201	170
4073	521	201	172
4074	524	204	173
4075	522	208	176
4076	519	205	177
4077	517	202	180
4078	517	200	186
4079	516	194	183
4080	517	191	190
4081	518	191	190
4082	518	193	196
4083	518	196	195
4084	521	194	194
4085	520	194	193
4086	519	193	190
4087	520	197	193
4088	515	194	196
4089	516	194	199
4090	518	197	196
4091	519	196	194
4092	520	195	195
4093	523	199	197
4094	517	201	196
4095	516	202	195
4096	514	201	200
4097	514	198	205
4098	516	195	213
4099	519	193	212
4100	517	198	213
4101	521	198	209
4102	523	202	206
4103	519	203	205
4104	519	204	207
4105	518	206	209
4106	514	208	200
4107	515	209	200
4108	515	208	199
4109	515	207	204
4110	517	210	202
4111	519	214	196
4112	516	221	203
4113	512	219	198
4114	512	216	193
4115	509	214	188
4116	508	213	188
4117	506	206	190
4118	512	204	190
4119	516	202	182
4120	517	203	181
4121	514	210	185
4122	519	206	181
4123	520	210	176
4124	517	210	174
4125	517	212	172
4126	517	218	167
4127	511	221	165
4128	508	216	166
4129	509	215	164
4130	511	216	166
4131	512	212	158
4132	515	217	155
4133	517	212	147
4134	513	209	151
4135	513	210	143
4136	516	204	146
4137	516	200	146
4138	514	202	149
4139	520	201	148
4140	519	202	152
4141	517	199	147
4142	515	205	148
4143	514	203	146
4144	512	202	152
4145	512	205	154
4146	510	203	154
4147	512	199	155
4148	512	205	155
4149	512	205	157
4150	516	206	162
4151	519	201	165
4152	517	205	161
4153	519	210	163
4154	515	208	169
4155	511	207	173
4156	512	199	174
4157	512	199	177
4158	510	200	176
4159	512	202	177
4160	512	205	179
4161	510	209	174
4162	511	212	175
4163	512	213	183
4164	511	204	180
4165	513	202	184
4166	515	195	182
4167	517	188	184
4168	518	186	185
4169	522	187	183
4170	521	185	182
4171	519	182	187
4172	518	177	187
4173	519	169	188
4174	522	169	190
4175	522	172	193
4176	526	173	194
4177	526	176	195
4178	524	182	202
4179	524	177	199
4180	525	174	202
4181	529	174	205
4182	534	172	205
4183	535	176	203
4184	537	173	191
4185	538	176	194
4186	536	177	197
4187	534	183	197
4188	538	182	197
4189	538	179	194
4190	536	182	191
4191	534	183	191
4192	533	190	191
4193	531	192	194
4194	524	187	197
4195	527	184	194
4196	528	187	191
4197	528	190	192
4198	527	184	190
4199	532	182	192
4200	528	182	195
4201	530	178	193
4202	530	181	191
4203	528	184	190
4204	523	188	186
4205	525	192	183
4206	523	190	186
4207	524	194	180
4208	523	196	188
4209	521	197	190
4210	520	199	192
4211	519	197	184
4212	518	199	186
4213	521	200	183
4214	524	200	185
4215	524	199	183
4216	526	202	183
4217	523	199	184
4218	522	200	190
4219	520	204	194
4220	517	203	196
4221	510	204	191
4222	510	212	196
4223	511	217	196
4224	511	219	188
4225	511	216	191
4226	513	221	190
4227	514	223	188
4228	510	218	188
4229	511	218	193
4230	510	224	192
4231	510	222	194
4232	508	219	196
4233	509	216	192
4234	506	215	190
4235	503	214	188
4236	506	204	182
4237	505	202	181
4238	504	199	182
4239	509	203	180
4240	509	206	177
4241	511	204	176
4242	514	200	175
4243	517	201	176
4244	516	204	173
4245	518	202	172
4246	516	199	180
4247	516	203	176
4248	513	205	176
4249	514	204	171
4250	514	213	174
4251	518	209	177
4252	517	212	180
4253	515	211	183
4254	512	209	180
4255	514	210	176
4256	511	208	175
4257	512	211	170
4258	516	215	168
4259	517	218	161
4260	517	219	163
4261	516	222	163
4262	515	221	163
4263	511	230	158
4264	512	226	150
4265	508	231	152
4266	509	239	149
4267	509	239	154
4268	508	240	151
4269	506	242	153
4270	505	249	154
4271	499	255	155
4272	498	263	154
4273	497	267	147
4274	493	265	151
4275	492	261	156
4276	496	256	153
4277	496	262	150
4278	496	264	143
4279	498	265	139
4280	500	270	141
4281	493	271	140
4282	489	273	141
4283	489	268	141
4284	487	274	141
4285	491	275	138
4286	492	278	139
4287	490	274	139
4288	489	277	140
4289	488	282	142
4290	483	285	145
4291	487	282	144
4292	488	281	143
4293	488	284	143
4294	485	285	147
4295	487	279	147
4296	487	285	152
4297	486	281	155
4298	488	281	158
4299	492	283	158
4300	493	284	163
4301	489	289	164
4302	489	290	172
4303	489	293	172
4304	490	295	169
4305	491	292	170
4306	493	294	170
4307	494	287	173
4308	493	297	173
4309	490	301	177
4310	485	298	177
4311	481	289	180
4312	480	291	181
4313	482	294	176
4314	486	286	176
4315	489	280	175
4316	495	281	180
4317	495	290	183
4318	492	293	180
4319	484	294	183
4320	483	293	184
4321	482	294	186
4322	487	299	183
4323	488	286	182
4324	492	273	185
4325	491	273	186
4326	490	267	189
4327	489	268	188
4328	491	264	191
4329	491	269	193
4330	492	272	189
4331	490	268	190
4332	490	269	193
4333	486	266	188
4334	485	271	191
4335	487	274	195
4336	486	279	199
4337	484	276	196
4338	487	279	192
4339	487	277	195
4340	486	279	199
4341	490	272	205
4342	487	275	205
4343	487	268	208
4344	489	270	209
4345	490	275	211
4346	490	268	212
4347	492	266	217
4348	493	264	220
4349	497	258	218
4350	495	259	221
4351	495	257	215
4352	496	253	208
4353	498	252	208
4354	495	256	215
4355	496	256	214
4356	497	247	214
4357	499	243	217
4358	497	239	212
4359	496	245	213
4360	496	240	212
4361	497	244	213
4362	497	244	212
4363	498	246	210
4364	498	249	213
4365	497	257	213
4366	492	257	210
4367	489	251	216
4368	489	244	219
4369	492	240	219
4370	492	242	214
4371	500	246	217
4372	500	244	221
4373	502	244	221
4374	504	240	226
4375	505	239	223
4376	502	238	217
4377	502	240	224
4378	503	237	229
4379	503	229	226
4380	506	225	227
4381	511	217	228
4382	516	217	233
4383	515	215	229
4384	515	215	228
4385	513	217	224
4386	510	215	216
4387	508	213	215
4388	508	214	213
4389	509	215	211
4390	509	214	208
4391	511	207	205
4392	513	202	203
4393	512	202	198
4394	513	200	193
4395	516	197	195
4396	518	195	194
4397	519	192	196
4398	525	186	198
4399	525	185	191
4400	524	183	192
4401	521	181	189
4402	521	177	188
4403	521	177	184
4404	524	179	188
4405	524	178	186
4406	523	181	187
4407	527	178	178
4408	524	177	185
4409	524	186	186
4410	522	187	189
4411	522	196	194
4412	516	192	199
4413	520	190	202
4414	516	190	203
4415	522	183	206
4416	524	186	210
4417	525	187	210
4418	520	183	212
4419	523	180	209
4420	521	179	211
4421	522	178	202
4422	523	186	203
4423	524	188	203
4424	522	188	201
4425	519	194	199
4426	517	192	199
4427	516	192	197
4428	513	196	197
4429	511	197	197
4430	508	195	196
4431	504	198	203
4432	504	200	199
4433	505	195	204
4434	506	202	209
4435	506	209	210
4436	510	208	213
4437	506	206	207
4438	508	205	213
4439	505	208	210
4440	502	209	210
4441	502	208	211
4442	505	214	214
4443	501	215	214
4444	505	210	211
4445	508	205	207
4446	504	204	206
4447	503	202	202
4448	501	202	203
4449	504	201	199
4450	510	204	201
4451	518	199	194
4452	517	202	195
4453	520	204	196
4454	518	209	191
4455	516	210	198
4456	511	205	198
4457	514	207	197
4458	516	208	200
4459	514	208	196
4460	512	201	195
4461	514	202	201
4462	512	202	201
4463	508	207	203
4464	505	199	199
4465	505	199	199
4466	506	200	192
4467	505	201	188
4468	506	202	181
4469	510	199	177
4470	507	202	178
4471	505	204	175
4472	505	206	177
4473	504	209	183
4474	499	210	183
4475	502	210	182
4476	499	201	192
4477	498	199	190
4478	497	197	189
4479	502	192	186
4480	507	186	185
4481	509	190	185
4482	510	196	178
4483	515	194	183
4484	515	192	187
4485	513	185	192
4486	512	190	193
4487	511	186	196
4488	513	186	202
4489	514	187	198
4490	516	188	199
4491	518	185	199
4492	518	188	198
4493	512	190	197
4494	513	188	195
4495	513	191	199
4496	513	186	197
4497	516	187	193
4498	515	187	199
4499	514	187	200
4500	515	190	194
4501	516	190	188
4502	512	187	188
4503	516	193	188
4504	515	195	190
4505	511	195	191
4506	509	198	190
4507	511	200	191
4508	510	196	197
4509	508	199	198
4510	507	199	192
4511	506	196	194
4512	505	196	191
4513	504	199	197
4514	502	202	201
4515	507	199	200
4516	511	194	198
4517	512	197	194
4518	513	199	191
4519	517	196	192
4520	514	195	198
4521	510	200	200
4522	511	200	201
4523	509	203	197
4524	506	206	196
4525	505	202	202
4526	509	205	206
4527	505	212	207
4528	505	210	211
4529	506	210	212
4530	507	210	213
4531	507	215	214
4532	510	218	213
4533	508	212	211
4534	510	208	209
4535	505	206	208
4536	502	205	206
4537	504	207	207
4538	505	207	206
4539	503	208	207
4540	503	208	208
4541	501	207	209
4542	496	206	206
4543	496	202	202
4544	498	200	200
4545	502	201	201
4546	503	201	200
4547	506	202	202
4548	506	204	204
4549	504	202	205
4550	502	201	208
4551	504	200	209
4552	502	201	203
4553	500	201	204
4554	501	193	195
4555	503	199	197
4556	503	197	197
4557	506	200	200
4558	508	201	196
4559	510	202	200
4560	507	201	203
4561	505	199	199
4562	503	202	202
4563	506	200	199
4564	506	205	200
4565	512	200	199
4566	515	199	203
4567	517	202	202
4568	515	204	203
4569	512	207	206
4570	510	211	209
4571	508	208	209
4572	509	209	205
4573	509	208	201
4574	511	205	202
4575	511	210	202
4576	511	212	207
4577	510	214	207
4578	510	213	214
4579	509	210	210
4580	509	210	209
4581	507	211	209
4582	510	213	206
4583	508	210	204
4584	511	210	203
4585	514	209	198
4586	517	213	195
4587	516	212	194
4588	518	213	191
4589	517	212	189
4590	514	209	184
4591	513	215	191
4592	512	214	187
4593	513	218	189
4594	515	217	193
4595	519	221	195
4596	518	221	197
4597	518	222	195
4598	516	224	191
4599	516	221	193
4600	515	223	186
4601	513	225	184
4602	515	226	182
4603	513	229	180
4604	511	230	181
4605	509	224	183
4606	509	225	180
4607	505	229	177
4608	509	224	181
4609	511	233	181
4610	511	232	175
4611	513	231	180
4612	514	235	184
4613	510	238	185
4614	507	241	179
4615	505	236	172
4616	504	241	180
4617	504	240	171
4618	506	239	167
4619	509	246	171
4620	507	242	173
4621	507	238	176
4622	506	240	182
4623	502	236	182
4624	498	240	181
4625	499	236	173
4626	496	241	169
4627	495	246	166
4628	498	249	166
4629	496	251	159
4630	498	253	156
4631	497	251	158
4632	494	254	158
4633	490	249	161
4634	493	255	162
4635	488	256	164
4636	486	255	167
4637	487	260	166
4638	485	263	166
4639	480	262	162
4640	477	256	162
4641	479	256	169
4642	479	253	172
4643	484	245	177
4644	489	234	178
4645	490	233	179
4646	489	230	181
4647	491	238	181
4648	488	247	185
4649	488	244	182
4650	487	240	185
4651	489	243	187
4652	487	241	188
4653	487	242	191
4654	488	241	192
4655	486	244	197
4656	487	251	193
4657	486	248	201
4658	489	252	205
4659	487	252	213
4660	487	254	212
4661	487	252	207
4662	490	254	201
4663	485	258	205
4664	483	261	206
4665	484	262	211
4666	483	259	214
4667	482	264	216
4668	483	262	225
4669	485	265	223
4670	486	266	222
4671	485	274	221
4672	484	286	214
4673	476	287	218
4674	473	282	221
4675	473	283	220
4676	471	279	221
4677	469	284	220
4678	472	278	222
4679	472	283	228
4680	468	280	230
4681	465	280	233
4682	465	278	235
4683	464	277	231
4684	462	282	234
4685	463	277	233
4686	465	274	231
4687	465	271	235
4688	471	271	235
4689	473	263	244
4690	477	258	244
4691	484	262	253
4692	486	259	247
4693	485	261	249
4694	489	257	248
4695	488	265	249
4696	482	265	256
4697	484	260	261
4698	482	260	261
4699	480	261	264
4700	482	255	260
4701	485	244	266
4702	486	241	265
4703	488	240	259
4704	490	243	263
4705	491	241	270
4706	492	235	268
4707	489	235	270
4708	490	225	273
4709	494	225	270
4710	492	225	266
4711	494	222	270
4712	495	224	273
4713	496	218	281
4714	494	219	279
4715	499	221	283
4716	497	217	284
4717	499	206	285
4718	501	204	287
4719	503	200	291
4720	500	196	291
4721	507	192	288
4722	510	188	284
4723	514	183	285
4724	517	182	284
4725	521	180	284
4726	520	181	283
4727	522	180	282
4728	521	170	287
4729	526	165	279
4730	528	156	281
4731	531	151	290
4732	536	143	296
4733	538	145	298
4734	536	147	296
4735	537	149	291
4736	534	148	292
4737	532	148	281
4738	534	142	281
4739	536	144	273
4740	540	142	277
4741	545	136	281
4742	547	134	281
4743	549	136	276
4744	548	137	280
4745	545	135	275
4746	550	135	268
4747	552	135	257
4748	552	131	252
4749	553	129	244
4750	554	125	240
4751	556	118	240
4752	559	111	238
4753	562	114	236
4754	566	111	230
4755	568	109	228
4756	566	109	223
4757	563	109	222
4758	565	112	219
4759	566	109	215
4760	569	111	205
4761	569	112	200
4762	568	113	193
4763	568	110	192
4764	567	110	193
4765	567	108	191
4766	565	108	188
4767	566	109	183
4768	563	110	185
4769	562	110	178
4770	560	110	162
4771	563	109	160
4772	563	107	163
4773	563	110	158
4774	563	109	151
4775	563	111	146
4776	562	112	145
4777	565	114	148
4778	566	119	148
4779	568	117	137
4780	566	115	132
4781	564	120	133
4782	559	119	128
4783	557	122	122
4784	553	127	121
4785	552	128	117
4786	551	133	114
4787	551	140	111
4788	545	143	107
4789	544	142	109
4790	543	139	112
4791	541	139	115
4792	538	138	111
4793	545	140	106
4794	547	147	106
4795	547	149	99
4796	549	150	105
4797	551	153	97
4798	543	156	98
4799	542	163	95
4800	538	167	94
4801	533	168	100
4802	530	174	101
4803	528	180	104
4804	521	183	103
4805	518	186	107
4806	513	185	109
4807	509	186	110
4808	511	190	101
4809	510	196	102
4810	511	199	103
4811	513	200	99
4812	514	199	100
4813	510	199	106
4814	511	197	111
4815	511	195	116
4816	513	196	118
4817	510	200	118
4818	512	206	121
4819	510	212	110
4820	507	216	109
4821	504	220	113
4822	506	217	114
4823	503	223	113
4824	503	221	111
4825	498	222	115
4826	496	228	113
4827	492	234	109
4828	490	242	110
4829	484	242	109
4830	485	245	106
4831	483	249	106
4832	482	247	104
4833	484	253	107
4834	483	257	103
4835	482	262	102
4836	484	265	102
4837	480	267	103
4838	478	267	106
4839	479	269	111
4840	482	266	111
4841	477	269	109
4842	478	263	108
4843	482	267	110
4844	482	269	110
4845	481	273	111
4846	482	276	112
4847	482	285	112
4848	473	289	112
4849	469	290	114
4850	464	299	118
4851	465	305	122
4852	463	300	121
4853	461	303	120
4854	461	304	117
4855	461	309	118
4856	458	316	117
4857	458	317	120
4858	459	322	122
4859	458	325	122
4860	457	334	123
4861	460	334	126
4862	460	338	131
4863	460	334	132
4864	455	337	130
4865	454	342	131
4866	451	345	129
4867	454	345	131
4868	454	351	130
4869	456	351	130
4870	455	363	127
4871	451	368	125
4872	451	373	126
4873	449	376	131
4874	445	382	133
4875	437	388	133
4876	436	385	128
4877	432	386	129
4878	429	395	126
4879	433	402	121
4880	443	408	124
4881	439	413	125
4882	433	422	127
4883	434	423	126
4884	430	423	125
4885	425	426	126
4886	427	432	129
4887	429	424	128
4888	430	424	130
4889	428	426	132
4890	425	431	133
4891	421	439	132
4892	421	438	133
4893	418	439	138
4894	419	431	143
4895	422	432	145
4896	422	431	142
4897	415	439	140
4898	415	437	138
4899	414	440	138
4900	416	441	139
4901	416	445	139
4902	418	447	138
4903	416	456	138
4904	412	451	138
4905	410	461	133
4906	404	467	133
4907	402	464	129
4908	400	456	133
4909	404	467	135
4910	403	468	137
4911	408	469	137
4912	407	461	133
4913	412	460	138
4914	408	460	143
4915	409	453	144
4916	413	451	148
4917	416	450	151
4918	420	446	153
4919	422	444	158
4920	421	446	164
4921	416	446	166
4922	414	432	172
4923	413	426	176
4924	415	426	185
4925	417	431	186
4926	421	423	189
4927	423	418	197
4928	421	408	198
4929	420	404	207
4930	420	406	203
4931	419	392	204
4932	423	383	212
4933	428	377	218
4934	428	379	223
4935	431	379	222
4936	435	363	227
4937	434	362	228
4938	435	357	230
4939	440	354	227
4940	436	353	239
4941	440	354	238
4942	444	356	236
4943	444	361	233
4944	444	362	238
4945	447	355	241
4946	442	353	245
4947	444	351	247
4948	443	339	250
4949	446	330	253
4950	452	324	261
4951	458	319	269
4952	459	314	276
4953	457	319	280
4954	461	310	283
4955	461	306	287
4956	465	305	275
4957	465	307	279
4958	470	302	281
4959	465	299	285
4960	469	291	284
4961	466	287	277
4962	471	288	274
4963	475	293	274
4964	478	290	275
4965	474	287	273
4966	477	285	269
4967	473	290	265
4968	471	290	274
4969	471	287	273
4970	478	287	278
4971	479	285	281
4972	481	281	278
4973	482	280	283
4974	487	274	289
4975	485	277	286
4976	485	263	291
4977	485	265	292
4978	488	263	297
4979	486	263	309
4980	485	260	299
4981	487	262	297
4982	491	254	299
4983	490	248	299
4984	492	241	292
4985	493	247	282
4986	495	233	283
4987	498	231	290
4988	502	226	287
4989	504	225	282
4990	505	221	278
4991	504	221	270
4992	503	215	265
4993	503	212	262
4994	501	210	259
4995	506	205	261
4996	510	211	265
4997	513	207	261
4998	514	212	258
4999	512	205	253
